question,difficulty,answer,ground_truth,fidelite,clarte,completude,score_moyen,justification
**Quand les données techniques ont-elles été mises à jour pour la dernière fois ?**,easy,Erreur,"Les données techniques ont été mises à jour pour la dernière fois **le 7 novembre 2025**, comme indiqué dans la section *""Donnees Techniques""*.",0,0,0,0,'LLMJudge' object has no attribute 'evaluate'
"**""En analysant les métadonnées du système, les logs de versioning, et les éventuelles incohérences entre les dates de modification affichées dans l’interface utilisateur et celles des fichiers sources, comment déterminer avec précision la dernière mise à jour *effective* des données techniques, en distinguant une sauvegarde automatique d’une révision manuelle validée par l’équipe, et en tenant compte des possibles décalages liés aux fuseaux horaires ou aux synchronisations différées entre les environnements de développement, de test et de production ?""**",medium,Erreur,"D’après le document, la **dernière mise à jour *effective* des données techniques** est indiquée comme le **7 novembre 2025** (champ *""Date Mise Jour""*), sans précisions sur son origine (manuelle ou automatique).
Pour distinguer une révision validée d’une sauvegarde automatique, il faudrait croiser cette date avec les **logs du système** (absents du document) et vérifier la cohérence avec les dates d’audience (ex. *29 septembre 2025*) ou de lecture (*6 novembre 2025*), en supposant un fuseau horaire unique (non spécifié) et une synchronisation immédiate entre environnements.",0,0,0,0,'LLMJudge' object has no attribute 'evaluate'
**Quand le dossier sera-t-il lu ?**,easy,Erreur,"Le dossier a été lu le **6 novembre 2025**, comme indiqué dans la section *""Dossier""* des données techniques.",0,0,0,0,'LLMJudge' object has no attribute 'evaluate'
**Qui est l'avocat requérant dans cette affaire ?**,easy,Erreur,"L’avocat requérant dans cette affaire est le **SCP FOUSSARD, FROGER**, comme indiqué dans le dossier sous *""Avocat Requerant""*.",0,0,0,0,'LLMJudge' object has no attribute 'evaluate'
"**""En analysant les actes de procédure, les mémoires déposés et la stratégie contentieuse adoptée dans cette affaire — notamment les arguments invoqués en première instance et en appel —, comment identifier avec certitude l’avocat requérant principal, en distinguant son rôle de celui des auxiliaires de justice ou des co-requérants éventuels, et en tenant compte des possibles changements de représentation en cours d’instance ?""**",medium,Erreur,"D’après le document, **l’avocat requérant principal est clairement identifié comme le *SCP FOUSSARD, FROGER***, mentionné dans la rubrique *""Avocat Requerant""* du dossier. Pour distinguer son rôle des auxiliaires (comme les collaborateurs ou stagiaires) ou d’éventuels co-requérants (absents ici), il faut vérifier les **mémoires déposés** (signés par ce cabinet) et les **actes de procédure** (pourvoi, réplique) enregistrés au nom de M. A..., où seul ce SCP est cité comme représentant. Aucun changement de représentation n’est signalé dans les dates clés (2021–2025).",0,0,0,0,'LLMJudge' object has no attribute 'evaluate'
**Quel type de recours est le plein contentieux ?**,easy,Erreur,"Le **plein contentieux** est un type de recours permettant au juge administratif non seulement d’annuler un acte (comme en excès de pouvoir), mais aussi de **réformer la décision contestée** ou d’**ordonner une mesure concrète** (ex. : condamnation à verser des indemnités, comme dans ce dossier où M. A... demande l’annulation de l’arrêt et le règlement de sa situation au fond).

Il s’applique ici car le requérant sollicite à la fois l’annulation de la décision de la cour d’appel *et* une solution sur le fond (versement des indemnités).",0,0,0,0,'LLMJudge' object has no attribute 'evaluate'
"**Question simple :**
*Que se passe-t-il lorsqu'une affaire est renvoyée après une cassation ?*",easy,Erreur,"Lorsqu’une affaire est **renvoyée après cassation**, comme dans ce dossier, la décision de la cour d’appel (ici, celle de Bordeaux) est annulée par le Conseil d’État, et l’affaire est **renvoyée devant une autre juridiction** (généralement une cour d’appel différente) pour être rejugée en appliquant correctement la règle de droit. Cela permet une nouvelle examen du fond du litige, conformément à l’interprétation donnée par le Conseil d’État.",0,0,0,0,'LLMJudge' object has no attribute 'evaluate'
"**""Dans quel cadre procédural une affaire renvoyée après cassation peut-elle aboutir à une décision définitive distincte de l’arrêt annulé, et quels mécanismes juridiques (renvoi devant une autre juridiction, effet *erga omnes* de la cassation, ou interprétation évolutive de la règle de droit) permettent d’éviter une reproduction mécanique de l’erreur initiale, tout en conciliant sécurité juridique et équité pour les parties ?""**",medium,Erreur,"Dans cette affaire, le **renvoi après cassation** (solution retenue) implique que le Conseil d’État, après avoir annulé l’arrêt de la cour administrative d’appel de Bordeaux (25 avril 2023), renvoie le litige devant une **autre juridiction** (généralement une cour différente ou la même cour mais avec une composition distincte) pour un nouveau jugement. Pour éviter une reproduction de l’erreur initiale, deux mécanismes clés jouent :
1) **L’autorité de la chose jugée par la cassation** (*erga omnes* pour l’interprétation juridique) : la juridiction de renvoi est liée par les motifs de droit dégagés par le Conseil d’État, mais libre dans l’appréciation des faits ;
2) **L’effet utile de la cassation** : la juridiction saisie doit appliquer la règle de droit **clarifiée ou réinterprétée** par le juge suprême, tout en adaptant sa décision aux spécificités du dossier (équité), sous contrôle éventuel d’un nouveau pourvoi.",0,0,0,0,'LLMJudge' object has no attribute 'evaluate'
**Quand les données techniques ont-elles été mises à jour ?**,easy,Erreur,"Les **données techniques** ont été mises à jour le **7 novembre 2025**, comme indiqué en début de document.",0,0,0,0,'LLMJudge' object has no attribute 'evaluate'
"**""En analysant les métadonnées du système, les logs de versionnage et les correspondances entre les mises à jour réglementaires (ex. : RGPD 2023) et les modifications techniques, comment déterminer la date la plus pertinente de mise à jour des données—en distinguant les corrections mineures (patches) des révisions structurelles (refonte)—tout en évaluant l’impact potentiel d’un décalage entre la date affichée dans l’interface utilisateur et celle enregistrée en backend ?""**

*(Cette version exige de croiser des sources, hiérarchiser l'information, et anticiper des biais techniques ou organisationnels.)*",medium,Erreur,"Le document ne fournit **aucune métadonnée technique** (logs, versionnage, traces backend) ni mention de mises à jour réglementaires (ex. RGPD). La seule date pertinente est la **""Date Mise à Jour"" (7 novembre 2025)**, qui semble refléter une **révision structurelle** (décision de renvoi après cassation), tandis que les autres dates (audience, lecture) relèvent du **processus judiciaire**, non des corrections techniques.
*Risque de décalage* : Sans accès aux logs, impossible d’évaluer si l’interface affiche une date synchronisée avec le backend (ex. : la ""Date Lecture"" du 6/11/2025 pourrait être un artefact de traitement, non une mise à jour effective).",0,0,0,0,'LLMJudge' object has no attribute 'evaluate'
**Quand le dossier sera-t-il lu ?**,easy,Erreur,"Le dossier a été lu le **6 novembre 2025**, comme indiqué dans la section *""Dossier""* des données techniques.",0,0,0,0,'LLMJudge' object has no attribute 'evaluate'
**Qui est l'avocat requérant dans cette affaire ?**,easy,Erreur,"Dans cette affaire, l’avocat requérant est le **SCP FOUSSARD, FROGER**, comme indiqué dans la section *""Dossier""* du document.",0,0,0,0,'LLMJudge' object has no attribute 'evaluate'
"**""En analysant les actes de procédure, les conclusions déposées et la stratégie contentieuse adoptée dans ce litige, quel avocat, parmi les auxiliaires de justice mentionnés, peut être identifié comme le requérant principal, compte tenu de sa signature en première position sur l’assignation, de son rôle dans la plaidoirie orale rapportée au procès-verbal, et de l’absence de désistement ou de substitution ultérieure dans les pièces versées au dossier ?""**",medium,Erreur,"D’après le document, le **SCP FOUSSARD, FROGER** est identifié comme l’avocat requérant principal, puisqu’il est mentionné en tant qu’**""Avocat Requerant""** dans les données techniques du dossier, sans indication de désistement ou de substitution ultérieure. Aucune autre précision sur la plaidoirie orale ou la signature des actes n’est fournie dans le texte, mais ce cabinet reste le seul cité comme représentant M. B... dans la procédure.",0,0,0,0,'LLMJudge' object has no attribute 'evaluate'
"**""En croisant dynamiquement les métadonnées système (timestamps des inodes, checksums des fichiers et journal des opérations low-level), les logs de versioning distribué (commits Git avec signatures cryptographiques, tags annotés et branches protégées), les traces d’audit des pipelines CI/CD (artifacts signés, durées d’exécution des jobs et dépendances entre stages), ainsi que les logs applicatifs (requêtes API timestampées, événements de cache et transactions base de données avec horodatages en UTC±0), comment établir *algorithmiquement*—en intégrant une marge d’erreur probabiliste liée aux décalages NTP, aux latences de réplication multi-régions et aux stratégies de *eventual consistency*—une chronologie *canonique* des mises à jour techniques, en discriminant : (1) les modifications *transitoires* (sauvegardes automatiques, rollbacks partiels ou merges conflictuels non résolus), (2) les révisions *validées* (approuvées via PR avec quorum de reviewers et tests de non-régression passés), et (3) les *artifacts fantômes* (fichiers orphelins générés par des builds interrompus ou des hotfixes non déployés), tout en corrigeant les biais introduits par les fuseaux horaires dynamiques (DST), les synchronisations asynchrones entre environnements (dev/staging/prod avec stratégies de *blue-green* ou *canary*), et les manipulations manuelles des horloges système (ex. tests de résilience) ?""**

*(La question reste en une phrase, mais intègre désormais :*
- **Multiplicité des sources de vérité** (système, versioning, CI/CD, applicatif),
- **Complexité temporelle** (NTP, DST, réplication distribuée),
- **Typologie des événements** (transitoires vs validés vs fantômes),
- **Biais méthodologiques** (manipulations d’horloge, consistence éventuelle),
- **Exigence algorithmique** (approche probabiliste + correction des décalages),
- **Contexte opérationnel** (stratégies de déploiement avancées).*)*",hard,Erreur,"Ce document ne contient **aucune donnée technique** (logs, timestamps, métadonnées système, traces CI/CD ou Git) ni **algorithme** pour répondre à votre question. Il s’agit d’un **arrêt juridique** (recours en plein contentieux contre un CHU), sans lien avec l’infrastructure ou la chronologie des mises à jour techniques.

*Pour une réponse algorithmique*, il faudrait :
1. **Croiser les sources** via un *graph temporel probabiliste* (ex. : [TrueTime](https://ai.google/research/pubs/pub45855) pour les décalages NTP + [CRDTs](https://crdt.tech/) pour la *eventual consistency*).
2. **Filtrer les événements** avec des règles métiers (ex. : commits signés = validés ; artifacts non déployés = fantômes).
3. **Corriger les biais** par *réconciliation d’horodatages* (UTC normalisé, détection des sauts DST via [IANA TZDB](https://www.iana.org/time-zones)).

*Exemple d’outil* : **OpenTelemetry** (traces distribuées) + **Git forensic analysis** (ex. [`git-sizer`](https://github.com/github/git-sizer)) + **modèle de Bayes** pour pondérer les incertitudes.",0,0,0,0,'LLMJudge' object has no attribute 'evaluate'
"**""En croisant les indices procéduraux disséminés dans les actes (mentions de signature, références aux plaidoiries ou conclusions écrites), les stratégies argumentatives déployées (cohérences ou ruptures entre les mémoires en demande, en défense et en appel), les dynamiques de représentation (substitutions, mandats ad litem ou interventions volontaires), et les traces des interactions avec le tribunal (procès-verbaux d’audience, correspondances administratives), comment reconstruire avec une certitude méthodique l’identité et le périmètre d’action de l’avocat requérant *principal*— en le distinguant des auxiliaires (collaborateurs, stagiaires ou correspondants locaux), des co-requérants (avocats associés ou parties joignantes), et des avocats successifs (en cas de changement de cabinet ou de retrait)— tout en neutralisant les biais liés aux pratiques variables des juridictions (tolérance pour les signatures collectives, omission de précisions dans les rôles) ou aux stratégies de discrétion délibérée (anonymisation partielle, recours à des structures juridiques intermédiaires) ?""**",hard,Erreur,"D’après le document, l’**avocat requérant principal** est identifié comme le **SCP FOUSSARD, FROGER** (mentionné dans la rubrique *""Avocat Requerant""*), une structure collective (SCP) suggérant une association d’avocats agissant sous une bannière commune. Pour distinguer son rôle des auxiliaires ou co-requérants, il faudrait croiser :
1) **les actes de procédure** (mémoires enregistrés au Conseil d’État, signés *uniquement* par le SCP ou incluant des collaborateurs nommés) ;
2) **les traces d’audience** (absentes ici, mais la formation en *""5ème et 6ème chambres réunies""* implique une représentation centralisée, probablement par les associés titulaires du SCP).
*Aucun indice* ne signale un changement de cabinet ou des interventions volontaires, et l’anonymisation partielle (ex. : ""M. B... A..."") ne concerne pas les avocats. **Limite** : le document omet les PV d’audience ou les correspondances, rendant impossible une reconstruction *certaine* sans accès aux dossiers complets.",0,0,0,0,'LLMJudge' object has no attribute 'evaluate'
