Commune;Indicateur_Opp1;Indicateur_Opp2;Indicateur_Opp3;Indicateur_Opp4;Indicateur_Cho1;Indicateur_Cho2;Indicateur_Vec1;Indicateur_Vec2;Indicateur_Vec3;Indicateur_Vec4;Indice_OppChoVec
Afa;5,75;0,20522792;48,2;98;1;28,99;27250;47,69790064;4,632;3;0,575805313
Ajaccio;5,76;0,278668171;43,55;93,5;0,135335283;36,53;23320;47,69831228;4,579;110;0,69374075
Alata;5,77;0,213225914;48,75;88;1;28,25;27810;47,69370453;4,641;4;0,574119496
Albitreccia;5,78;0,325884791;48,55;59;1;58,8;26850;47,70221195;4,461;6;0,631314702
Altagène;5,79;0,474895798;44,45;50;1;58,67;23420;47,71669509;4,556;0;0,561896413
Ambiegna;5,8;0,333661749;45,15;28,5;1;69,23;23420;47,6922637;4,614;0;0,546432396
Appietto;5,81;0,228841579;48,7;84;1;30,07;26500;47,69850906;4,687;0;0,56575676
Arbellara;5,82;0,21490695;47,2;45;1;48,28;22340;47,70770672;4,024;1;0,425598103
Arbori;5,83;0,45692956;38,9;36,5;1;61,46;23420;47,73888769;4,282;0;0,469615657
Argiusta-Moriccio;5,84;0,416282425;40,7;85;1;68,42;23420;47,72124403;4,297;1;0,601497545
Arro;5,85;0,297816698;45,1;49;1;72,41;23420;47,7060762;4,541;0;0,593210592
Aullène;5,86;0,283378962;43,9;49,5;1;70,32;20160;47,70981736;4,047;1;0,482879027
Azilone-Ampaza;5,87;0,200761659;48,1;69,5;1;90;18910;47,70269926;4,494;0;0,665590853
Azzana;5,88;0,359955161;50;49;1;59,72;23420;47,74211354;4,579;1;0,628251958
Balogna;5,89;0,379663436;40;50;1;66,5;16870;47,72770295;4,255;0;0,448427177
Bastelica;5,9;0,23154596;43,5;55,5;1;66,55;22770;47,71618914;4,496;2;0,557299771
Bastelicaccia;5,91;0,22277411;48,55;84;1;30,03;27450;47,70028345;4,565;8;0,605568383
Belvédère-Campomoro;5,92;0,238564424;47,45;41;1;81,89;23910;47,70719495;4,455;1;0,642382853
Bilia;5,93;0,319426799;48,6;50;1;77,78;23420;47,7100763;3,775;0;0,587820318
Bocognano;5,94;0,262672733;41,85;52;1;61,68;23650;47,71300756;4,587;4;0,557321759
Bonifacio;5,95;0,228497787;45,6;52;1;48,88;22670;47,70178739;4,278;15;0,52293767
Calcatoggio;5,96;0,265940962;48,05;43,5;1;59,38;23120;47,70591475;4,612;4;0,596930735
Campo;5,97;0,347720897;46,5;50;1;62,12;20230;47,72214761;4,271;1;0,543468826
Cannelle;5,98;0,356873536;47,05;49,5;1;53,95;23420;47,70934056;4,58;0;0,58955452
Carbini;5,99;0,412989576;48,2;74,5;1;81,1;23420;47,71256296;4,443;0;0,775708527
Carbuccia;5,1;0,269649298;43,75;51,5;1;81,68;22170;47,70792106;4,468;1;0,45645095
Cardo-Torgia;5,101;0,470242763;50;53;1;63,27;23420;47,71177843;5;0;0,552639185
Cargèse;5,102;0,24353422;44,45;25,5;1;37,31;21490;47,711122;4,529;6;0,29604014
Cargiaca;5,103;0,486587366;50;49,5;1;73,13;23420;47,71915853;4,181;0;0,486421464
Casaglione;5,104;0,300741929;47;49,5;1;51,15;22580;47,71601414;4,712;1;0,408158783
Casalabriva;5,105;0,258881406;44,05;55,5;1;49,71;23480;47,71419457;4,524;1;0,371631844
Cauro;5,106;0,265283519;47,9;88;1;47,65;26380;47,70033553;4,494;3;0,470867303
Ciamannacce;5,107;0,337265471;47;81;1;75,27;23420;47,71796788;4,433;1;0,52666982
Coggia;5,108;0,427763042;46,4;45;1;77,43;24900;47,66667265;4,395;1;0,492519766
Cognocoli-Monticchi;5,109;0,401647384;46,05;49;1;85,02;21100;47,71538552;4,159;1;0,459811751
Conca;5,11;0,246896208;45,3;48;1;88,52;19850;47,70998821;4,424;1;0,457459339
Corrano;5,111;0,411986626;44,2;50;1;64,39;23420;47,72390582;4,251;1;0,408806779
Coti-Chiavari;5,112;0,391464666;48,15;53;1;64,46;25460;47,70817149;4,349;1;0,470149296
Cozzano;5,113;0,296343348;41,05;50;1;68,64;20680;47,81618498;4,503;4;0,404917903
Cristinacce;5,114;0,537008966;45,85;50;1;62,5;23420;47,7197204;4,038;0;0,410324473
Cuttoli-Corticchiato;5,115;0,21122842;47,6;90;1;20,53;25510;47,69597891;4,542;1;0,367491086
Eccica-Suarella;5,116;0,204677942;48,85;88;1;42,74;27290;47,69595658;4,641;0;0,470270554
Évisa;5,117;0,367232072;43,7;79,5;1;54,91;20170;47,72447558;4,583;0;0,412995005
Figari;5,118;0,166472374;47,8;70,5;1;91,35;20620;47,70053361;4,435;4;0,526751213
Foce;5,119;0,129839874;48,35;93;1;66,67;26190;47,70521836;4,572;1;0,534881188
Forciolo;5,12;0,29454263;44,7;50;1;53,61;23420;47,70453605;4,55;0;0,387488938
Fozzano;5,121;0,267457749;43,2;88,5;1;63,58;20520;47,71697818;4,531;1;0,435363806
Frasseto;5,122;0,267640112;44,25;50;1;55,87;23420;47,72638451;4,052;1;0,34239238
Giuncheto;5,123;0,23102566;45,1;52;1;58,96;23420;47,70802138;4,453;0;0,391675182
Granace;5,124;0,354317863;48,25;15,5;1;74,77;23420;47,70693263;4,733;0;0,471590717
Grossa;5,125;0,406070333;47,3;85;1;86,54;23420;47,71321043;3,72;1;0,518801925
Grosseto-Prugna;5,126;0,247260847;47,25;74,5;1;53,39;26630;47,71099717;4,559;10;0,496797416
Guagno;5,127;0,693270761;32,9;83,5;1;90,63;23420;47,71995992;4,867;1;0,597484171
Guargualé;5,128;0,256332565;48,6;50;1;82,99;23420;47,70998615;4,45;0;0,507561629
Guitera-les-Bains;5,129;0,258884888;43,65;70,5;1;59,36;23950;47,70886903;4,65;1;0,443787956
Lecci;5,13;0,151014729;48,85;50,5;1;80,58;23640;47,69153081;4,279;5;0,477350614
Letia;5,131;0,295547223;44,45;91;1;63,83;19930;47,72556482;4,257;0;0,418788674
Levie;5,132;0,313498844;40,65;83;1;88,53;20980;47,70577306;4,155;5;0,478921057
Lopigna;5,133;0,346291517;47,4;78;1;49,18;23420;47,71348056;4,774;1;0,476204974
Loreto-di-Tallano;5,134;0,564538619;44,65;78,5;1;83,93;23420;47,72756117;4,23;1;0,561863649
Marignana;5,135;0,471969384;44,9;50;1;87,5;23420;47,72214761;4,258;1;0,515402059
Mela;5,136;0,813801627;50;46,5;1;73,97;23420;47,73741599;5;0;0,667003216
Moca-Croce;5,137;0,26650363;44,75;51;1;94,3;22180;47,7121437;4,383;1;0,508520705
Monacia-d'Aullène;5,138;0,318239283;44;50,5;1;93,54;22110;47,72119309;4,319;1;0,500358598
Murzo;5,139;0,300997874;49,1;39;1;58,59;23420;47,72077354;4,72;0;0,446586545
Ocana;5,14;0,278792122;46,95;66,5;1;86,13;22250;47,69759846;4,365;2;0,519576857
Olivese;5,141;0,451430685;39,35;95,5;1;71,13;19710;47,71958802;4,808;1;0,503650518
Olmeto;5,142;0,287371932;46,9;65;1;58,73;22710;47,71097872;4,648;5;0,464769459
Olmiccia;5,143;0,19119811;47,8;49;1;54,37;21880;47,70872122;4,313;0;0,35994759
Orto;5,144;0,662668661;50;50;1;73,76;23420;47,71778499;4,888;0;0,622465279
Osani;5,145;0,340451461;45,15;88,5;1;87,58;23420;47,73463073;4,187;0;0,551137216
Ota;5,146;0,267334673;43,55;68;1;24,22;22590;47,71306462;3,78;7;0,254520208
Palneca;5,147;0,46317183;35,2;60;1;88,75;16760;47,71787507;4,151;0;0,379969924
Partinello;5,148;0,380559235;44,45;50;1;76,92;23420;47,72324115;4,829;1;0,527334628
Pastricciola;5,149;0,349287201;45,3;47,5;1;56,86;23420;47,72134408;4,625;0;0,422309413
Peri;5,15;0,219927898;48,6;47,5;1;66,33;25940;47,69913859;4,705;3;0,502758583
Petreto-Bicchisano;5,151;0,347086237;45,15;71,5;1;52,56;21200;47,70985225;4,508;6;0,422384377
Piana;5,152;0,328683747;42,05;86,5;1;57,86;22900;47,71897434;4,489;4;0,445382852
Pianottoli-Caldarello;5,153;0,269307085;45,9;42;1;66,31;21730;47,71146037;4,459;6;0,419753471
Pietrosella;5,154;0,242636053;49;63,5;1;39,02;28370;47,69435893;4,495;5;0,439528398
Pila-Canale;5,155;0,387097386;44,7;80;1;67,19;22090;47,71990113;4,325;2;0,468554739
Poggiolo;5,156;0,623981955;40,8;77;1;86,18;23420;47,67940272;4,64;0;0,590658693
Porto-Vecchio;5,157;0,218596363;47,5;52,5;0,367879441;73,92;21560;47,70294744;4,439;41;0,382183982
Propriano;5,158;0,287641895;42,05;65,5;1;77,45;19650;47,70741674;4,182;14;0,436199255
Quasquara;5,159;0,374064044;40,55;50;1;62,37;23420;47,72141196;4,169;0;0,367474822
Quenza;5,16;0,359115799;41,85;62,5;1;78,31;19510;47,7341921;4,534;1;0,452448295
Renno;5,161;0,421232563;39,5;84,5;1;95,2;23420;47,73741599;4,497;0;0,582436839
Rezza;5,162;0,635167856;50;48,5;1;61,11;23420;47,70774139;3,863;0;0,444843033
Rosazia;5,163;0,318781545;38;50;1;41;23420;47,71000957;4,5;0;0,310871636
Salice;5,164;0,56811913;41,65;74,5;1;80,53;23420;47,71792112;4,515;0;0,550413321
Sampolo;5,165;0,455733557;42;50;1;85,61;23420;47,7224742;4,732;0;0,542307264
Sari-Solenzara;5,166;0,255304221;45,7;63,5;1;52,37;20370;47,70654426;4,298;6;0,370967399
Sari-d'Orcino;5,167;0,187993407;43,8;60,5;1;60,86;22070;47,70563703;4,523;2;0,400724451
Sarrola-Carcopino;5,168;0,254551908;47,7;80,5;1;47,31;22590;47,69760692;4,531;11;0,455382084
Sartène;5,169;0,210026303;42,65;66;1;75,89;20130;47,70582336;4,416;11;0,449387922
Serra-di-Ferro;5,17;0,233469563;46,3;47;1;75,37;25310;47,70780901;4,556;6;0,508961037
Serra-di-Scopamène;5,171;0,263974997;41,55;58,5;1;60,84;23420;47,72535852;4,6;1;0,415208199
Serriera;5,172;0,180484584;42,55;49,5;1;75,56;23420;47,72243823;3,968;0;0,380889205
Soccia;5,173;0,562214387;41,55;50;1;62,62;21050;47,72716533;4,513;1;0,422758683
Sollacaro;5,174;0,312884097;43,2;62,5;1;63,23;23090;47,71982751;4,246;2;0,408099961
Sorbollano;5,175;0,600498773;47,3;49;1;68,32;23420;47,72348802;4,35;0;0,49794072
Sotta;5,176;0,165016674;48,45;74;1;55,47;23970;47,70467568;4,462;3;0,448552159
Sant'Andréa-d'Orcino;5,177;0,288428408;45,95;48,5;1;44,55;24510;47,71652287;4,651;1;0,397646209
San-Gavino-di-Carbini;5,178;0,212900327;47,4;48,5;1;74,97;25110;47,70662874;4,605;2;0,508275481
Sainte-Lucie-de-Tallano;5,179;0,394337674;42,25;54;1;68,8;22600;47,71769065;4,465;5;0,449394496
Santa-Maria-Figaniella;5,18;0,499485951;50;52;1;78,13;23420;47,70500124;3,92;0;0,49748824
Santa-Maria-Siché;5,181;0,332092833;45,45;65;1;50,14;21890;47,71201648;4,765;4;0,44147027
Tasso;5,182;0,318725961;41,45;98,5;1;38,16;23420;47,70563703;4,181;0;0,357918651
Tavaco;5,183;0,312240219;47,7;50;1;35,44;24060;47,70283372;4,502;0;0,363799468
Tavera;5,184;0,232394689;46,3;81;1;86,05;22530;47,71592635;4,681;2;0,584049915
Tolla;5,185;0,393483562;46,2;50;1;61,67;22150;47,73872655;4,773;1;0,473544891
Ucciani;5,186;0,153931129;45,55;52;1;60,69;20900;47,7063934;4,509;2;0,38653927
Urbalacone;5,187;0,437215877;47,15;91;1;94,25;23420;47,71468789;4,48;0;0,667666182
Valle-di-Mezzana;5,188;0,239866473;49,45;49,5;1;56,81;24300;47,68601453;4,497;0;0,435180792
Vero;5,189;0,204256132;48,4;58;1;39,37;23610;47,69716494;4,679;2;0,397202497
Vico;5,19;0,279899985;44,45;59;1;81,98;23820;47,70935567;4,56;9;0,543697818
Viggianello;5,191;0,182874527;48,65;82;1;85,19;24940;47,70046559;4,607;2;0,612299629
Villanova;5,192;0,187589319;48,05;82;1;50,96;28130;47,70768031;4,647;0;0,505199452
Zérubia;5,193;0,137513818;46;49,5;1;80,33;23420;47,71369779;4;0;0,4200848
Zévaco;5,194;0,289461034;48,3;50;1;63,86;23420;47,72059815;4,794;2;0,499018639
Zicavo;5,195;0,439109631;42,35;82,5;1;65,37;18510;47,72018815;4,493;4;0,452318869
Zigliara;5,196;0,385699692;44,7;50;1;57,5;25850;47,71881387;4,608;0;0,458795006
Zonza;5,197;0,237912686;47;50;1;74,92;22550;47,70359514;4,254;8;0,461421945
Zoza;5,198;0,616280178;40,3;50;1;75,61;23420;47,71995992;4,24;0;0,462406053
Aghione;5,199;0,22119479;43,9;67,5;1;80,79;19870;46,70752227;4,384;2;0,344067382
Aiti;5,2;0,672681087;42,3;50;1;66,15;21460;46,71511857;4,2;0;0,324544718
Alando;5,201;0,137656483;50;96,5;1;80,56;21460;46,69802583;4,573;0;0,450247229
Albertacce;5,202;0,329469158;47,05;50;1;60,71;19020;46,7180222;4,491;0;0,302847099
Aléria;5,203;0,208237079;45,65;58,5;1;77,76;19030;46,70014191;4,562;7;0,357742924
Algajola;5,204;0,238540606;46,9;50;1;87,33;22750;46,71699247;4,447;1;0,395691844
Altiani;5,205;0,519304295;47,35;98,5;1;59,79;21460;46,72697472;4,833;0;0,471084958
Alzi;5,206;0,288400562;46,15;64;1;78,38;21460;46,71538552;4,8;0;0,41524262
Ampriani;5,207;0,289353031;45,85;50;1;65,52;21460;46,71177843;4,334;0;0,305186197
Antisanti;5,208;0,261943863;43,2;85,5;1;54,87;21880;46,69916777;4,437;1;0,315461666
Aregno;5,209;0,23217145;46,7;28;1;63,58;20750;46,71344624;4,348;1;0,270368198
Asco;5,21;0,344978988;45,45;42;1;61,11;21460;46,72568214;4,833;1;0,343792286
Avapessa;5,211;0,481855798;41,25;16,5;1;55,06;21460;46,71066461;4,68;0;0,26948894
Barbaggio;5,212;0,136959412;48,35;45,5;1;50,67;22110;46,69914833;4,66;1;0,294611901
Barrettali;5,213;0,579438415;43,25;59;1;89,25;18520;46,72163042;4,838;1;0,451752011
Bastia;5,214;0,291562656;41,2;96,5;0,135335283;44,37;20530;46,69892365;4,442;82;0,358156132
Belgodère;5,215;0,202139454;46,6;60,5;1;62,58;23180;46,7024993;4,292;3;0,31960949
Bigorno;5,216;0,610402201;44,55;50;1;73,96;21460;46,72374571;4,371;0;0,374940057
Biguglia;5,217;0,20724138;47,4;97;1;60,09;23730;46,70157261;4,579;16;0,44485981
Bisinchi;5,218;0,293546448;38,85;51;1;91,54;19410;46,71050776;4,827;1;0,377841699
Borgo;5,219;0,234273241;47,9;78;1;27,79;23070;46,69630409;4,622;15;0,329977327
Brando;5,22;0,291732485;46,2;45,5;1;77,13;24860;46,71349133;4,666;6;0,418844599
Bustanico;5,221;0,353942572;37,95;50;1;82,52;21460;46,70090278;4,68;0;0,348750011
Cagnano;5,222;0,279485558;45,95;54;1;88,94;20210;46,7217663;4,061;0;0,345107847
Calacuccia;5,223;0,383264943;39,85;59;1;92,11;17950;46,70910594;4,326;6;0,353961371
Calenzana;5,224;0,225113589;46,75;71,5;1;52,63;21060;46,70190758;4,441;6;0,318972585
Calvi;5,225;0,364901336;42,75;41;1;69,24;20080;46,69536192;4,053;20;0,303196374
Cambia;5,226;0,38801939;36,4;50;1;61,6;21460;46,71707992;4,462;0;0,265410997
Campana;5,227;0,688758914;36,35;50;1;60,49;21460;46,72459131;4,6;0;0,314530093
Campi;5,228;0,184927357;45,95;50;1;78,18;21460;46,72592286;5;0;0,405780332
Campile;5,229;0,506676021;44,4;52,5;1;64,26;19110;46,71667731;4,56;1;0,337407179
Campitello;5,23;0,606539956;41,95;50;1;92,02;21460;46,72459131;4,732;1;0,459345854
Canale-di-Verde;5,231;0,288833197;46,7;38,5;1;65,27;21180;46,71207231;4,39;1;0,304451355
Canari;5,232;0,452751688;42,95;49;1;85,03;18470;46,72088673;3,991;3;0,318168799
Canavaggia;5,233;0,421391852;46,6;52;1;47,03;20470;46,70866855;4,765;0;0,323042182
Carcheto-Brustico;5,234;0,266736444;48,2;50;1;55,36;21460;46,71177843;4,765;0;0,338382615
Carpineto;5,235;0,448294996;41,2;50;1;72,97;21460;46,71678597;4,2;0;0,309169571
Carticasi;5,236;0,42107586;50;49,5;1;67,82;21460;46,70817149;3,5;0;0,293173538
Casabianca;5,237;0,38169965;46,35;50;1;70,48;21460;46,69666014;4,174;0;0,323606068
Casalta;5,238;0,5577973;42,5;49;1;78,33;21460;46,7084384;4,705;0;0,401676881
Casamaccioli;5,239;0,384429042;43,1;50;1;44,83;20770;46,71338939;4,384;0;0,252427845
Casanova;5,24;0,171014339;46;56;1;49,06;23100;46,70082602;4,71;0;0,306863146
Casevecchie;5,241;0,785062442;42,65;79;1;79,69;21460;46,70927288;4,64;0;0,491124336
Castellare-di-Casinca;5,242;0,225940057;47,05;83;1;34,8;21530;46,70009717;4,441;4;0,293599788
Castellare-di-Mercurio;5,243;0,177100178;43,35;50;1;69,84;21460;46,71821275;4,253;0;0,284430287
Castello-di-Rostino;5,244;0,253056907;47;77;1;89,89;20730;46,69281246;4,34;2;0,423892702
Castifao;5,245;0,304034892;45,2;49,5;1;94,12;21880;46,71177843;4,253;1;0,392342897
Castiglione;5,246;0,687725683;39,15;50;1;61,33;21460;46,71836919;3,8;0;0,265268735
Castineta;5,247;0,732008194;40,5;50;1;67,35;21460;46,72390582;3,57;1;0,281435299
Castirla;5,248;0,32904858;46,35;88,5;1;60,54;20070;46,70272949;4,188;0;0,335636033
Cateri;5,249;0,210698361;44,75;12;1;56,14;21180;46,70707247;4,438;1;0,237690674
Centuri;5,25;0,353464286;42,8;48,5;1;95,18;19490;46,71427017;4,325;1;0,371439018
Cervione;5,251;0,24886253;45,65;61;1;77,35;21300;46,71136304;4,518;7;0,389096594
Chiatra;5,252;0,229281617;45,55;70;1;63,45;23740;46,71630658;4,501;0;0,357313574
Corbara;5,253;0,30032203;48,5;82,5;1;44,72;22870;46,71334397;4,575;1;0,360362588
Corscia;5,254;0,472063934;39,3;49,5;1;55,7;18710;46,7203475;4,604;0;0,275256067
Corte;5,255;0,443863582;39,7;92;1;65,08;20820;46,71907209;4,452;19;0,405797144
Costa;5,256;0,265822763;48,35;96;1;80,33;21460;46,72610891;4,692;0;0,486531424
Croce;5,257;0,583254258;43,25;50;1;55,43;21460;46,7062166;4,584;0;0,334486337
Crocicchia;5,258;0,334011477;46,55;80,5;1;78,79;21460;46,7072712;4,74;0;0,455177528
Erbajolo;5,259;0,544499891;43,25;95,5;1;69,64;21460;46,72433782;4,86;1;0,481098827
Érone;5,26;0,232552418;33,35;50;1;45;21460;46,71177843;4,428;0;0,196300174
Ersa;5,261;0,416395861;41,15;48,5;1;74,9;17870;46,73396551;4,277;2;0,2970889
Farinole;5,262;0,342080378;48,95;55;1;64,14;23220;46,70719495;4,544;0;0,382453898
Favalello;5,263;0,108832484;46,3;50;1;64,56;21460;46,6935263;4,109;0;0,267350022
Felce;5,264;0,473662484;37,15;91;1;62,96;21460;46,74326342;4,632;0;0,361698035
Feliceto;5,265;0,1618521;45,45;23,5;1;80,9;20360;46,70832481;4,316;1;0,296985551
Ficaja;5,266;0,729562788;45,8;50;1;45;21460;46,72415415;3,669;0;0,270133451
Focicchia;5,267;0,334402321;37,5;50;1;56,94;21460;46,69983019;4,8;0;0,290096108
Furiani;5,268;0,236209715;46,95;90,5;1;46,43;23840;46,69744579;4,606;13;0,398549372
Galéria;5,269;0,257259268;44,7;53;1;94;21850;46,70963633;4,066;3;0,375195356
Gavignano;5,27;0,617723083;45,6;50;1;75,38;21460;46,72669744;4,432;0;0,405233596
Ghisonaccia;5,271;0,224102797;44,25;34,5;1;73,33;20420;46,70121413;4,274;8;0,301164054
Ghisoni;5,272;0,694817447;41,25;50;1;61,95;20410;46,73217379;4,405;1;0,335634826
Giocatojo;5,273;0,488241572;39,6;100;1;69,81;21460;46,7068623;4,048;0;0,35512023
Giuncaggio;5,274;0,318738912;43,75;75;1;76,54;21460;46,70677146;4,577;0;0,396807428
L'Île-Rousse;5,275;0,285153253;40,7;60;1;68,23;19410;46,70713149;4,449;0;0,295855466
Isolaccio-di-Fiumorbo;5,276;0,468070415;41,2;70;1;73;17680;46,73102542;4,308;0;0,326765081
Lama;5,277;0,296643337;43,45;50;1;59,04;24250;46,72610891;4,293;1;0,303557224
Lano;5,278;0,5417887;45;50;1;90,24;21460;46,70360105;5;0;0,505325301
Lavatoggio;5,279;0,245260857;44,75;41;1;60,99;19770;46,7141522;4,093;0;0,246599758
Lento;5,28;0,290729936;42,75;99,5;1;96,15;21460;46,71259123;4,674;0;0,503637669
Linguizzetta;5,281;0,213646417;45,95;46;1;45,89;18010;46,7037042;4,329;1;0,230494524
Loreto-di-Casinca;5,282;0,315251429;40,3;49,5;1;61,31;15600;46,70612015;4,324;2;0,235548033
Lozzi;5,283;0,330810804;42,5;45;1;45,24;20710;46,72069296;4,587;0;0,261815371
Lucciana;5,284;0,216975936;47,8;58;1;48,45;20920;46,7001658;4,476;9;0,314855
Lugo-di-Nazza;5,285;0,217210997;44,45;47,5;1;67,74;21460;46,69899066;4,446;0;0,309862637
Lumio;5,286;0,36940682;45,95;48,5;1;46,12;24240;46,71029218;4,181;5;0,292117723
Luri;5,287;0,324256192;44,55;43,5;1;94,83;21080;46,70198514;4,197;9;0,39660424
Manso;5,288;0,349982865;45,3;59;1;92,36;23640;46,72243823;4,36;0;0,442886101
Matra;5,289;0,607762307;42,6;50;1;96,91;21460;46,72819439;4,636;0;0,478803959
Mausoléo;5,29;0,332903985;46,45;50;1;92,5;21460;46,71538552;5;0;0,491916262
Mazzola;5,291;0,628636522;40;50;1;42,5;21460;46,74104339;4,5;0;0,284625424
Meria;5,292;0,368913496;40,2;48;1;67,2;21460;46,73532503;4,282;1;0,293072078
Moïta;5,293;0,377722375;42,7;96,5;1;59,34;21460;46,73566918;3,565;1;0,29440091
Moltifao;5,294;0,274456412;45,35;54,5;1;65,12;22540;46,70446684;4,341;1;0,327836942
Monacia-d'Orezza;5,295;0,231665789;41,65;50;1;69,23;21460;46,70785825;4,384;0;0,297472372
Moncale;5,296;0,238945523;46,9;53;1;54,23;20830;46,70278934;4,291;0;0,282578289
Monte;5,297;0,192903616;46,3;74;1;56,25;19490;46,70236487;4,534;0;0,318898602
Montegrosso;5,298;0,305226897;46,75;60;1;66,01;23070;46,71564288;4,56;1;0,382389349
Monticello;5,299;0,242385649;47,3;91;1;52,49;23000;46,70631611;4,526;1;0,378996391
Morosaglia;5,3;0,27908709;41,95;80,5;1;86,14;20840;46,70402316;4,452;9;0,423816934
Morsiglia;5,301;0,413610123;45,5;50;1;77,55;21460;46,71949448;4,043;1;0,345162062
Muracciole;5,302;0,179743529;45;50;1;83,33;21460;46,72756117;4,75;0;0,396324065
Murato;5,303;0,29299734;44,3;51;1;88,17;23330;46,71098283;4,667;6;0,449305653
Muro;5,304;0,208978936;43,65;49,5;1;56,32;20680;46,71177843;4,405;1;0,272344477
Nessa;5,305;0,452054983;46,45;23,5;1;80,67;21460;46,72309795;4,403;1;0,366895872
Nocario;5,306;0,552663836;42,85;49,5;1;67,65;21460;46,720177;4,58;0;0,369677175
Noceta;5,307;0,389119414;44,05;50;1;70,3;21460;46,72459131;4,56;0;0,360034848
Nonza;5,308;0,289806691;43;91,5;1;69,23;21460;46,73684246;4,729;2;0,420646506
Novale;5,309;0,387251419;44,05;50;1;92,06;21460;46,71778499;4,4;0;0,410967765
Novella;5,31;0,465721348;42;95,5;1;71,29;21460;46,7309506;4,632;0;0,439611359
Occhiatana;5,311;0,278798099;45,6;91,5;1;66,81;21370;46,7146192;4,565;0;0,405878876
Ogliastro;5,312;0,422175982;41,5;71,5;1;69,07;21460;46,71276986;4,353;0;0,351312895
Olcani;5,313;0,41099587;47,6;45,5;1;44,9;21460;46,70222049;4,512;0;0,306885103
Oletta;5,314;0,271052536;46,75;36;1;75,89;21900;46,69900462;4,367;1;0,34356239
Olmeta-di-Capocorso;5,315;0,420243562;41,35;50;1;91,01;19560;46,71732405;4,522;0;0,389294943
Olmeta-di-Tuda;5,316;0,221277815;46,8;49;1;36,9;21730;46,69554805;4,496;1;0,262188025
Olmi-Cappella;5,317;0,523528853;38,65;49;1;67,35;18300;46,72829179;4,079;1;0,266863404
Olmo;5,318;0,265543005;47,15;54;1;74,76;21460;46,69987136;4,717;0;0,400161239
Omessa;5,319;0,201195126;46,5;56;1;60,4;20320;46,70189857;4,398;2;0,308598949
Ortale;5,32;0,473058568;43,35;50;1;51,52;21460;46,72556482;4,332;0;0,294719631
Ortiporio;5,321;0,327110944;42,1;52;1;76,98;20690;46,70440104;4,163;0;0,313841026
Palasca;5,322;0,099478689;45,9;39,5;1;84,18;19960;46,71707992;4,228;1;0,316449575
Pancheraccia;5,323;0,297347146;43;58,5;1;57;18390;46,7067461;4,303;0;0,267325525
Parata;5,324;0,519965001;45,45;50;1;78,57;21460;46,70817149;5;0;0,473420091
Patrimonio;5,325;0,226072939;45,8;19,5;1;38,22;20520;46,70900164;4,528;2;0,226298487
Penta-Acquatella;5,326;0,264049093;46,9;50;1;80;21460;46,70278934;4,5;0;0,385759787
Penta-di-Casinca;5,327;0,256134483;44,7;64,5;1;64,93;20440;46,70548236;4,253;7;0,327501381
Perelli;5,328;0,427175705;46,6;69;1;65,25;21460;46,69465731;4,193;0;0,361964851
Pero-Casevecchie;5,329;0,332104424;45;83;1;58,14;21460;46,71576813;4,361;1;0,355668448
Pianello;5,33;0,337766539;39,7;96;1;71,43;21460;46,72592286;4,333;0;0,369314589
Piano;5,331;0,356490022;39,3;97,5;1;51,35;21460;46,75246505;4,857;0;0,37308776
Piazzali;5,332;0,376516313;50;59,5;1;73,08;21460;46,73509655;2,43;0;0,282578868
Piazzole;5,333;0,169801009;47,9;93,5;1;76,67;21460;46,70985907;4,568;0;0,4455577
Piedicorte-di-Gaggio;5,334;0,489873402;43,35;50;1;61,54;21460;46,72042946;4,003;2;0,299515195
Piedicroce;5,335;0,290282698;41,65;84;1;85,37;21460;46,71289224;4,778;2;0,458960398
Piedigriggio;5,336;0,242266101;45,25;50;1;56,57;21300;46,70360105;4,775;0;0,331983578
Piedipartino;5,337;0,18888453;31,25;48,5;1;63,64;21460;46,71177843;4,778;0;0,264438472
Pie-d'Orezza;5,338;0,20214813;38,9;50;1;33,73;21460;46,70703444;4,788;1;0,237426377
Pietralba;5,339;0,296223195;42,6;86;1;70,42;22830;46,71213932;4,756;4;0,437610754
Pietracorbara;5,34;0,282507495;47,3;42,5;1;53;21900;46,71385059;4,171;0;0,278801948
Pietra-di-Verde;5,341;0,42180454;43;49,5;1;87,36;19510;46,72610891;4,4;1;0,383354576
Pietraserena;5,342;0,520125444;38,75;98,5;1;64,58;21460;46,74200307;4,315;0;0,377601007
Pietricaggio;5,343;0,58384247;33,35;99,5;1;46,3;21460;46,71995992;4,556;0;0,319516815
Pietroso;5,344;0,466471242;44,5;57,5;1;87,13;21320;46,70711608;4,469;0;0,434193917
Piève;5,345;0,442058923;47,2;3;1;64,75;21460;46,71652287;4,484;0;0,308311557
Pigna;5,346;0,234821281;47,6;50;1;54,74;21460;46,71177843;4,127;0;0,28190915
Pino;5,347;0,42315111;42,6;50;1;74,9;20060;46,72016217;4,436;1;0,351976696
Piobetta;5,348;0,16978112;46,45;50;1;87,5;21460;46,75681448;4,6;0;0,412309261
Pioggiola;5,349;0,307366607;48,85;65,5;1;94,96;21460;46,71597198;4,116;0;0,447784991
Poggio-di-Nazza;5,35;0,390660173;44,25;71,5;1;79,92;21380;46,71667731;4,558;1;0,432904923
Poggio-di-Venaco;5,351;0,16662752;45,2;50;1;56,1;24630;46,71091918;4,57;1;0,328606542
Poggio-d'Oletta;5,352;0,181019579;45,65;45,5;1;63,16;29320;46,70968059;4,557;0;0,384394789
Poggio-Marinaccio;5,353;0,355297377;50;50;1;80,39;21460;46,91010345;3,768;0;0,380886924
Poggio-Mezzana;5,354;0,291922634;46,65;87;1;80,25;20470;46,66690396;4,406;0;0,429645676
Polveroso;5,355;0,263862631;35,7;50;1;61,11;21460;46,70232022;4;0;0,221245576
Popolasca;5,356;0,433034835;47,5;50;1;67,95;21460;46,70748548;4,556;0;0,392810568
Porri;5,357;0,311649527;48,4;28,5;1;72,13;21460;46,71806356;4,866;0;0,397236329
La Porta;5,358;0,454315398;42,7;97;1;53,36;18980;46,71791043;4,364;1;0,353050426
Prato-di-Giovellina;5,359;0,629622949;43,35;99,5;1;72,83;21460;46,72669744;4,882;0;0,539726494
Prunelli-di-Casacconi;5,36;0,258133855;43,2;51;1;85,11;20140;46,71786594;4,232;1;0,345416753
Prunelli-di-Fiumorbo;5,361;0,285596833;46,1;51,5;1;66,56;20410;46,70038058;4,247;4;0,325599388
Pruno;5,362;0,31994451;44,2;69;1;91,9;18950;46,71481856;4,003;0;0,374453025
Quercitello;5,363;0,248857565;39,6;50;1;96,61;21460;46,72328969;3,9;0;0,333874411
Rapaggio;5,364;0,251721813;50;50;1;87,76;21460;46,69054041;4,532;0;0,442827706
Rapale;5,365;0,218261046;48,6;3;1;65;21960;46,71121804;4,558;1;0,304121842
Riventosa;5,366;0,181269795;49,85;50;1;57,14;20290;46,71237593;4,347;0;0,310734272
Rogliano;5,367;0,298503904;46;59;1;69,16;19350;46,71278087;4,369;9;0,363348056
Rospigliani;5,368;0,455687296;37,85;50;1;73,91;21460;46,71949448;4,28;0;0,317523973
Rusio;5,369;0,271401344;43,05;50;1;82,61;21460;46,72209137;4,481;0;0,373550752
Rutali;5,37;0,184557925;46,95;76;1;71,32;22100;46,6968437;4,44;1;0,393608333
Saliceto;5,371;0,405095888;43,2;49,5;1;63,51;21460;46,7097738;4,237;0;0,312255734
Scata;5,372;0,29023111;44,75;58;1;49,23;21460;46,70321431;4,051;0;0,263832927
Scolca;5,373;0,445889042;43,7;50;1;70,94;21460;46,70659922;4,145;0;0,334972055
Sermano;5,374;0,328313595;48,55;50;1;55,68;21460;46,7069065;4,482;1;0,345558273
Serra-di-Fiumorbo;5,375;0,314173379;47,75;50,5;1;82,83;22640;46,71204937;4,358;0;0,415153317
Silvareccio;5,376;0,219002821;43,6;93,5;1;72,73;22310;46,71964364;4,191;0;0,380738269
Sisco;5,377;0,236620962;45,8;57,5;1;82,28;21760;46,70929443;4,471;2;0,405094197
Solaro;5,378;0,37475784;48,65;59,5;1;84,43;23330;46,708329;4,502;1;0,480145033
Sorbo-Ocagnano;5,379;0,172281551;45,9;87,5;1;40,25;21480;46,70753353;4,613;2;0,331698873
Sorio;5,38;0,507935653;42,25;0;1;46,22;21460;46,71048961;4,533;0;0,24533401
Soveria;5,381;0,168085035;45;50;1;63,49;21460;46,69942453;4,344;0;0,301912007
Speloncato;5,382;0,294640625;45,5;58,5;1;60,15;18910;46,71412574;4,559;1;0,332433057
Stazzona;5,383;0,270431257;40;51;1;85,71;21460;46,70121904;5;0;0,423343697
Sant'Andréa-di-Bozio;5,384;1,015731735;40,8;50;1;50,5;21460;46,74195597;4,5;1;0,393045763
Sant'Andréa-di-Cotone;5,385;0,45694655;42,5;96,5;1;79,47;22830;46,71534984;4,515;1;0,486586854
Sant'Antonino;5,386;0,213143567;46,1;49;1;58,39;21460;46,70137042;4,059;0;0,275972836
San-Damiano;5,387;0,317847202;42,6;50;1;66,15;21460;46,70329455;4,35;0;0,315993811
Saint-Florent;5,388;0,264330353;42,65;53,5;1;79,88;21600;46,71204552;4,349;9;0,37751079
San-Gavino-d'Ampugnani;5,389;0,411034535;50,5;56,5;1;58,39;21460;46,70067258;4,182;0;0,362032706
San-Gavino-di-Tenda;5,39;0,164044066;36,5;28;1;87,21;21460;46,69942453;4,037;0;0,26750616
San-Giovanni-di-Moriani;5,391;0,187945116;46,25;75;1;64,86;21460;46,71468789;4,327;1;0,355814698
San-Giuliano;5,392;0,21977933;44,95;54;1;44,88;21160;46,70143781;4,303;2;0,266594615
San-Lorenzo;5,393;0,255798824;46,6;52;1;81,29;21460;46,69773725;4,711;2;0,429645347
San-Martino-di-Lota;5,394;0,27467429;45,7;96,5;1;62,66;25230;46,70509254;4,526;5;0,459508453
Santa-Lucia-di-Mercurio;5,395;0,192151381;46,6;70,5;1;66,67;21460;46,71022301;4,086;0;0,332385323
Santa-Lucia-di-Moriani;5,396;0,30202825;45,35;64;1;68,29;20060;46,70497972;4,274;1;0,344283292
Santa-Maria-di-Lota;5,397;0,261133003;46,55;96,5;1;54,95;24920;46,70086586;4,587;2;0,436091754
Santa-Maria-Poggio;5,398;0,241646304;45,75;77,5;1;47,09;21360;46,70179974;4,106;0;0,292299524
San-Nicolao;5,399;0,364180949;40,8;80,5;1;72,83;19060;46,70703444;4,015;8;0,340173191
Santo-Pietro-di-Tenda;5,4;0,321908651;42,4;40,5;1;43,36;19530;46,70591475;4,777;2;0,280431272
Santo-Pietro-di-Venaco;5,401;0,172634357;45,05;56;1;71,62;20830;46,70248192;4,63;0;0,361537427
Santa-Reparata-di-Balagna;5,402;0,257487336;44,45;88,5;1;52,25;21500;46,70675156;4,418;0;0,346323928
Santa-Reparata-di-Moriani;5,403;0,450785843;36,85;99,5;1;65,31;21460;46,73509655;4,263;0;0,358901341
Taglio-Isolaccio;5,404;0,246872584;47,3;74,5;1;50,1;21550;46,70136826;4,443;0;0,342736273
Talasani;5,405;0,248719237;46,7;90,5;1;43,03;21610;46,70146537;4,516;0;0,352337246
Tallone;5,406;0,258352032;45,9;44,5;1;77,36;22280;46,71049875;4,557;2;0,393540181
Tarrano;5,407;0,375371201;50;50;1;65,12;21460;46,7296252;4;0;0,349606455
Tomino;5,408;0,50051817;43,3;33,5;1;75,59;21930;46,72417106;4,355;0;0,362731795
Tox;5,409;0,377024874;36,35;93,5;1;51,9;21460;46,72095602;4,879;1;0,364567422
Tralonca;5,41;0,112806992;42,6;62;1;58,76;21460;46,70934056;3,984;0;0,255037105
Urtaca;5,411;0,190319181;45,95;90;1;77,92;25510;46,71503815;4,495;2;0,481423771
Vallecalle;5,412;0,263066294;48,5;50;1;87,94;22960;46,7042306;4,657;0;0,472601848
Valle-d'Alesani;5,413;0,499512391;37,5;50;1;55,7;21460;46,71499937;4,535;1;0,304511633
Valle-di-Campoloro;5,414;0,229543141;48,25;47;1;55,1;24310;46,7063253;4,726;0;0,374483941
Valle-di-Rostino;5,415;0,365905388;47,05;50;1;95,41;21300;46,71468789;4,695;0;0,495651222
Valle-d'Orezza;5,416;0,358820883;43,35;50;1;51,9;21460;46,71511857;4,181;0;0,27886625
Vallica;5,417;0,584398864;44,45;50;1;54,05;21460;46,73702403;3,668;0;0,285343213
Velone-Orneto;5,418;0,260106098;43,7;73;1;60;21460;46,72230211;4,578;1;0,362479466
Venaco;5,419;0,271988123;41,65;50;1;87,91;23850;46,71692104;4,49;4;0,421395731
Ventiseri;5,42;0,248754085;47,6;47;1;45,45;22800;46,69602232;4,504;7;0,327599772
Venzolasca;5,421;0,210789081;45,75;64;1;39,11;20280;46,69900456;4,569;6;0,303147163
Verdèse;5,422;0,713241617;40,4;50;1;65,33;21460;46,73446587;3,497;0;0,293357812
Vescovato;5,423;0,227634618;46,45;90,5;1;56,12;20200;46,70160292;4,532;12;0,408716941
Vezzani;5,424;0,450577198;40,75;93;1;45,61;19440;46,71715888;4,43;5;0,341232696
Vignale;5,425;0,330586828;45,85;85,5;1;90,65;21630;46,7084384;4,487;0;0,502240879
Ville-di-Paraso;5,426;0,384932596;47,6;51,5;1;61,43;22260;46,71611291;4,466;1;0,380711904
Ville-di-Pietrabugno;5,427;0,281377628;45,95;92,5;1;49,25;28720;46,71412283;4,603;6;0,463712623
Vivario;5,428;0,396038378;42,7;70;1;59,22;22980;46,69394844;4,667;1;0,391651746
Volpajola;5,429;0,219574378;45,9;63,5;1;45,88;21000;46,69812295;4,533;1;0,312068456
Zalana;5,43;0,545750795;43,75;64,5;1;60,7;20020;46,71055927;4,579;1;0,389690871
Zilia;5,431;0,2665763;45,25;50;1;77,47;19450;46,70179974;4,141;0;0,32984346
Zuani;5,432;0,518196699;45,25;50;1;66,67;21460;46,72669744;4,692;0;0,416241563
San-Gavino-di-Fiumorbo;5,433;0,381904688;40,85;50;1;53,08;18520;46,72433782;4,458;1;0,278969174
Chisa;5,434;0,497039209;45,6;89,5;1;72,93;21460;46,71344905;4,605;0;0,494150187