Code commune;Zone;Niveau d'education moyen_Opp;"Population de 15 ans ou + selon la CSP 2021
Ensemble";"Population de 15 ans ou + selon la CSP 2021
Ouvriers";"Population de 15 ans ou + selon la CSP 2021
Artisans, commerçants, chefs entreprise";"Population de 15 ans ou + selon la CSP 2021
Cadres et professions intellectuelles supérieures";"Population de 15 ans ou + selon la CSP 2021
Agriculteurs exploitants";"Population de 15 ans ou + selon la CSP 2021
Professions intermédiaires";"Population de 15 ans ou + selon la CSP 2021
Autres personnes sans activité professionnelle";"Population de 15 ans ou + selon la CSP 2021
Retraités";"Population de 15 ans ou + selon la CSP 2021
Employés";Moyenne de xi;Indice de Theil;Part des ménages ayant au moins 1 voiture 2021;Accès aux réseaux de transport;Code commune;Proportion de population couverte par la 4G/100;Proportion de population avec débit > 30Mb/s /100;Proportion de population couverte par la 4G;Proportion de population avec débit > 30Mb/s;Nombre de quartier cible politique de la ville;Individus résidant et ayant un droit de vote;Population totale en âge de travailler (>16 ans);Proportion;Votants;Médiane du niveau de vie 2021;Nombre de pièces;Population municipale (historique depuis 1876) 2021;Nombre moyen de personnes par pièce;Proportion des logements ayant accès pack(eau,electricité,cuisine,..);Proportion de la population vivant dans un logement individuel;Chomeur (1);Emploi aidé (2);Contrat ponctuel (3);Contrat à durée déterminée (4);Emploi stable (5);Nombre de chomeurs 15-64 ans;Nombre d'emploi aidé >15 ans;Nombre de contrat ponctuel;Nombre de CDD;Nombre d'emploi stable;Population active > 15 ans;Nombre d'établissement vie courante
2A001;Afa;5.75;2814;290;183;218;20;473;364;741;524;351,625;0,20522792;95.4;1;2A001;0,99;0,97;99;97;0;2597;2814;92,28855721;28,99;27250;1409;3336;2,367636622;91;52;6,9;0,2;1,2;5,7;85,9;119;4;21;98;1472;1714;3
2A004;Ajaccio;5.76;61021;6276;2197;3880;82;8572;11167;16576;12271;7627,625;0,278668171;86.1;1;2A004;0,93;0,94;93;94;2;35838;61021;58,73060094;36,53;23320;31353;73822;2,354543425;91;52;8,1;0,4;1,7;5,1;84,7;2736;128;560;1718;28430;33572;110
2A006;Alata;5.77;3017;251;213;270;9;544;412;772;547;377,25;0,213225914;96.5;1;2A006;1;0,76;100;76;0;2838;3017;94,06695393;28,25;27810;1428;3587;2,511904762;91;52;6,8;0,2;2;4,1;86,9;126;3;37;76;1599;1841;4
2A008;Albitreccia;5.78;1559;103;92;126;8;227;196;600;206;194,75;0,325884791;96.1;1;2A008;0,38;0,8;38;80;0;1389;1559;89,09557409;58,8;26850;793;1775;2,238335435;91;52;11,6;0;0,6;5,8;81,9;89;0;5;45;631;770;6
2A011;Altagène;5.79;47;1;1;2;1;6;7;20;8;5,75;0,474895798;88.9;0;2A011;1;0;100;0;0;78;47;100;58,67;23 420;29;55;1,896551724;91;52;11,1;0;0;0;88,9;2;0;0;0;16;18;0
2A014;Ambiegna;5.80;70;4;1;5;2;7;17;23;12;8,875;0,333661749;90.3;0;2A014;0,57;0;57;0;0;79;70;100;69,23;23 420;30;77;2,566666667;91;52;8,8;0;0;2,9;88,2;3;0;0;1;30;34;0
2A017;Appietto;5.81;1497;125;100;110;9;255;200;419;279;187,125;0,228841579;96.4;1;2A017;1;0,68;100;68;0;1445;1497;96,52638611;30,07;26500;755;1773;2,348344371;91;52;5,9;0;1,9;3,9;88,3;52;0;17;34;774;877;0
2A018;Arbellara;5.82;137;20;8;7;2;13;24;30;33;17,125;0,21490695;93.4;1;2A018;0,9;0;90;0;0;146;137;100;48,28;22340;74;155;2,094594595;91;52;19,3;1,2;2,4;12;65,1;16;1;2;10;54;83;1
2A019;Arbori;5.83;48;5;2;2;3;1;8;24;6;6,375;0,45692956;77.8;0;2A019;0,73;0;73;0;0;91;48;100;61,46;23 420;34;52;1,529411765;91;52;11,1;0;5,6;16,7;66,7;2;0;1;3;12;18;0
2A021;Argiusta-Moriccio;5.84;72;8;1;1;4;5;13;30;12;9,25;0,416282425;81.4;0;2A021;0,99;0,71;99;71;0;112;72;100;68,42;23 420;42;76;1,80952381;91;52;13,3;0;3,3;10;73,3;4;0;1;3;22;30;1
2A022;Arro;5.85;76;7;3;4;6;7;9;32;9;9,625;0,297816698;89.2;1;2A022;0,98;0;98;0;0;86;76;100;72,41;23 420;37;79;2,135135135;91;52;10,8;0;0;2,7;86,5;4;0;0;1;32;37;0
2A024;Aullène;5.86;169;31;12;4;4;13;21;56;30;21,375;0,283378962;86.8;1;2A024;0,99;0;99;0;0;212;169;100;70,32;20160;90;184;2,044444444;91;52;16,5;0;10,3;8,2;64,9;16;0;10;8;63;97;1
2A026;Azilone-Ampaza;5.87;166;15;15;6;6;14;31;42;37;20,75;0,200761659;95.2;1;2A026;0,99;0,4;99;40;0;245;166;100;90;18910;89;198;2,224719101;91;52;11,6;0;0;4,2;84,2;11;0;0;4;80;95;0
2A027;Azzana;5.88;50;5;3;1;1;4;17;13;5;6,125;0,359955161;100;0;2A027;0,98;0;98;0;0;69;50;100;59,72;23 420;35;52;1,485714286;91;52;0;10,5;5,3;0;84,2;0;2;1;0;16;19;1
2A028;Balogna;5.89;131;20;4;2;3;7;24;45;25;16,25;0,379663436;80;0;2A028;1;0;100;0;0;189;131;100;66,5;16870;86;146;1,697674419;91;52;17,7;0;0;3,2;79;11;0;0;2;49;62;0
2A031;Bastelica;5.90;458;42;25;25;21;40;84;155;67;57,375;0,23154596;87;0;2A031;0,99;0,12;99;12;0;546;458;100;66,55;22770;268;511;1,906716418;91;52;10;0;0,9;8,6;80,5;22;0;2;19;178;221;2
2A032;Bastelicaccia;5.91;3603;342;232;264;15;594;497;945;714;450,375;0,22277411;96.1;1;2A032;0,74;0,94;74;94;0;2944;3603;81,70968637;30,03;27450;1853;4251;2,294117647;91;52;8,9;0,2;1,4;4,5;85;193;4;31;98;1850;2176;8
2A035;Belvédère-Campomoro;5.92;160;10;24;9;3;14;22;52;25;19,875;0,238564424;94.9;0;2A035;0,62;0,2;62;20;0;285;160;100;81,89;23910;84;177;2,107142857;91;52;10,2;0;2,3;9,1;78,4;9;0;2;8;69;88;1
2A038;Bilia;5.93;51;2;2;2;1;12;7;12;13;6,375;0,319426799;96.2;1;2A038;0,95;0,05;95;5;0;62;51;100;77,78;23 420;26;53;2,038461538;91;52;25,8;0;3,2;12,9;58,1;8;0;1;4;18;31;0
2A040;Bocognano;5.94;334;21;21;14;6;48;70;99;56;41,875;0,262672733;82.7;1;2A040;1;0,04;100;4;0;485;334;100;61,68;23650;186;367;1,97311828;91;52;8,5;0;0,6;6,1;84,8;14;0;1;10;140;165;4
2A041;Bonifacio;5.95;2710;272;274;104;38;219;608;652;542;338,625;0,228497787;90.2;1;2A041;0,6;0,44;60;44;0;2710;2710;100;48,88;22670;1422;3200;2,250351617;91;52;14,5;0,6;1;10,4;73,5;210;9;15;151;1066;1451;15
2A048;Calcatoggio;5.96;434;36;46;23;3;55;52;148;71;54,25;0,265940962;95.1;1;2A048;0,67;0,2;67;20;0;540;434;100;59,38;23120;237;507;2,139240506;91;52;8,2;0;0;6;85,8;19;0;0;14;200;233;4
2A056;Campo;5.97;91;7;15;3;1;15;5;34;10;11,25;0,347720897;93;0;2A056;1;0;100;0;0;126;91;100;62,12;20230;58;104;1,793103448;91;52;13,7;0;0;17,6;68,6;7;0;0;9;35;51;1
2A060;Cannelle;5.98;61;3;2;4;10;6;4;26;5;7,5;0,356873536;94.1;0;2A060;0,99;0;99;0;0;76;61;100;53,95;23 420;36;74;2,055555556;91;52;9,7;0;0;3,2;87,1;3;0;0;1;27;31;0
2A061;Carbini;5.99;104;6;6;7;1;8;14;46;14;12,75;0,412989576;96.4;0;2A061;1;0,49;100;49;0;125;104;100;81,1;23 420;58;115;1,982758621;91;52;11,6;0;2,3;4,7;81,4;5;0;1;2;35;43;0
2A062;Carbuccia;5.100;324;31;24;8;3;44;65;91;59;40,625;0,269649298;86.5;1;2A062;1;0,03;100;3;0;325;324;100;81,68;22170;179;374;2,089385475;91;52;10,6;0,6;1,8;5,9;81,2;18;1;3;10;138;170;1
2A064;Cardo-Torgia;5.101;30;1;1;1;1;3;7;14;4;4;0,470242763;100;0;2A064;0,97;0,09;97;9;0;47;30;100;63,27;23 420;15;30;2;91;52;0;0;0;0;100;0;0;0;0;10;10;0
2A065;Cargèse;5.102;1063;102;113;38;25;105;162;360;159;133;0,24353422;87.9;1;2A065;0,35;0,16;35;16;0;1004;1063;94,44967074;37,31;21490;614;1237;2,01465798;91;52;9,6;0;0,4;7,9;82,1;52;0;2;43;446;543;6
2A066;Cargiaca;5.103;58;3;1;2;1;7;10;26;7;7,125;0,486587366;100;0;2A066;0,99;0;99;0;0;66;58;100;73,13;23 420;33;61;1,848484848;91;52;18,2;0;0;9,1;72,7;4;0;0;2;16;22;0
2A070;Casaglione;5.104;411;45;23;15;12;41;64;158;53;51,375;0,300741929;93;1;2A070;0,87;0,12;87;12;0;386;411;93,91727494;51,15;22580;234;447;1,91025641;91;52;5,3;0;1,1;5,9;87,8;10;0;2;11;165;188;1
2A071;Casalabriva;5.105;195;30;15;1;9;14;35;55;36;24,375;0,258881406;87.1;1;2A071;1;0,11;100;11;0;159;195;81,53846154;49,71;23480;115;224;1,947826087;91;52;7,6;0;2,9;11,4;78,1;8;0;3;12;82;105;1
2A085;Cauro;5.106;1267;121;64;99;5;208;142;392;235;158,25;0,265283519;94.8;1;2A085;0,98;0,78;98;78;0;1129;1267;89,10812944;47,65;26380;646;1481;2,292569659;91;52;10,1;0,3;1,6;6,1;81,9;74;2;12;45;601;734;3
2A089;Ciamannacce;5.107;128;5;8;13;2;13;25;50;13;16,125;0,337265471;93;1;2A089;1;0,62;100;62;0;178;128;100;75,27;23 420;70;131;1,871428571;91;52;12,7;0;1,8;1,8;83,6;7;0;1;1;46;55;1
2A090;Coggia;5.108;688;41;39;42;13;69;75;329;80;86;0,427763042;91.8;1;2A090;0,58;0,32;58;32;0;710;688;100;77,43;24900;70;765;10,92857143;91;52;12,5;1;0,3;5,9;80,1;36;3;1;17;230;287;1
2A091;Cognocoli-Monticchi;5.109;167;13;6;4;7;16;24;74;23;20,875;0,401647384;92.1;0;2A091;0,98;0;98;0;0;247;167;100;85,02;21100;91;175;1,923076923;91;52;14,7;2,9;2,9;10,3;69,1;10;2;2;7;47;68;1
2A092;Conca;5.110;987;116;96;51;3;102;178;300;142;123,5;0,246896208;89.6;1;2A092;0,78;0,18;78;18;0;946;987;95,84599797;88,52;19850;568;1159;2,040492958;91;52;12,4;0,2;1,8;4,3;81,4;63;1;9;22;415;510;1
2A094;Corrano;5.111;68;2;2;3;4;5;9;28;16;8,625;0,411986626;88.4;0;2A094;1;0;100;0;0;138;68;100;64,39;23 420;42;74;1,761904762;91;52;15,6;0;0;12,5;71,9;5;0;0;4;23;32;1
2A098;Coti-Chiavari;5.112;642;35;63;28;3;48;99;264;102;80,25;0,391464666;95.3;1;2A098;0,97;0,09;97;9;0;747;642;100;64,46;25460;348;725;2,083333333;91;52;14,3;0;0,7;6,5;78,5;40;0;2;18;219;279;1
2A099;Cozzano;5.113;240;27;16;6;9;21;83;56;23;30,125;0,296343348;82.1;0;2A099;1;0;100;0;0;277;240;100;68,64;20680;348;279;0,801724138;91;52;8,6;0;1;13,3;77,1;9;0;1;14;81;105;4
2A100;Cristinacce;5.114;63;4;5;1;3;5;3;33;8;7,75;0,537008966;91.7;0;2A100;1;0;100;0;0;69;63;100;62,5;23 420;37;68;1,837837838;91;52;23,1;0;0;3,8;73,1;6;0;0;1;19;26;0
2A103;Cuttoli-Corticchiato;5.115;1725;178;93;116;18;252;317;451;300;215,625;0,21122842;94.2;1;2A103;0,99;0,81;99;81;0;1606;1725;93,10144928;20,53;25510;835;2030;2,431137725;91;52;9,4;0,1;1,9;4,1;84,5;91;1;18;40;817;967;1
2A104;Eccica-Suarella;5.116;1124;109;70;85;9;231;146;274;199;140,375;0,204677942;96.7;1;2A104;0,78;0,98;78;98;0;963;1124;85,67615658;42,74;27290;558;1357;2,431899642;91;52;6,6;0,1;2,1;4,5;86,6;47;1;15;32;613;708;0
2A108;Évisa;5.117;195;11;14;6;6;16;46;76;20;24,375;0,367232072;87.4;0;2A108;1;0,59;100;59;0;176;195;90,25641026;54,91;20170;125;219;1,752;91;52;6,8;0;1,4;12,2;79,7;5;0;1;9;59;74;0
2A114;Figari;5.118;1355;154;128;68;24;170;235;310;266;169,375;0,166472374;94.6;1;2A114;0,95;0,46;95;46;0;1373;1355;100;91,35;20620;722;1651;2,286703601;91;52;12,6;0;0,6;4,9;81,9;103;0;5;40;670;818;4
2A115;Foce;5.119;133;15;13;11;2;23;20;28;22;16,75;0,129839874;95.7;1;2A115;0,94;0,92;94;92;0;137;133;100;66,67;26190;70;151;2,157142857;91;52;6,9;1,1;3,4;4,6;83,9;6;1;3;4;73;87;1
2A117;Forciolo;5.120;80;4;5;12;3;11;8;32;6;10,125;0,29454263;88.4;1;2A117;0,99;0,01;99;1;0;92;80;100;53,61;23 420;40;87;2,175;91;52;10;0;2,5;0;87,5;4;0;1;0;35;40;0
2A118;Fozzano;5.121;180;12;19;7;5;18;31;64;23;22,375;0,267457749;86.4;0;2A118;1;0,77;100;77;0;167;180;92,77777778;63,58;20520;110;208;1,890909091;91;52;7,1;1,2;2,4;10,6;78,8;6;1;2;9;67;85;1
2A119;Frasseto;5.122;133;13;8;5;4;13;30;43;15;16,375;0,267640112;87.5;1;2A119;1;0;100;0;0;171;133;100;55,87;23 420;82;141;1,719512195;91;52;23,7;0;0;0;76,3;14;0;0;0;45;59;1
2A127;Giuncheto;5.123;83;6;5;5;3;7;16;26;14;10,25;0,23102566;90.2;0;2A127;1;0,04;100;4;0;130;83;100;58,96;23 420;46;96;2,086956522;91;52;9,5;0;0;16,7;73,8;4;0;0;7;31;42;0
2A128;Granace;5.124;85;2;6;9;1;11;20;30;6;10,625;0,354317863;95.5;1;2A128;0,2;0,11;20;11;0;104;85;100;74,77;23 420;44;93;2,113636364;91;52;2,9;2,9;0;5,9;88,2;1;1;0;2;30;34;0
2A129;Grossa;5.125;59;5;3;7;3;4;5;28;3;7,25;0,406070333;94.6;0;2A129;0,85;0,85;85;85;0;104;59;100;86,54;23 420;32;63;1,96875;91;52;32;0;0;0;68;8;0;0;0;17;25;1
2A130;Grosseto-Prugna;5.126;2990;218;229;223;13;454;435;923;495;373,75;0,247260847;93.5;1;2A130;0,76;0,73;76;73;0;3053;2990;100;53,39;26630;1660;3349;2,01746988;91;52;8,2;0,3;0,9;8,1;82,4;135;5;15;133;1352;1640;10
2A131;Guagno;5.127;147;6;2;14;1;11;15;87;12;18,5;0,693270761;65.8;0;2A131;1;0,67;100;67;0;211;147;100;90,63;23 420;84;154;1,833333333;91;52;2,3;0;2,3;0;95,5;1;0;1;0;42;44;1
2A132;Guargualé;5.128;138;16;10;13;2;11;16;50;20;17,25;0,256332565;97.2;0;2A132;1;0;100;0;0;143;138;100;82,99;23 420;74;151;2,040540541;91;52;10,8;0;1,4;9,5;78,4;8;0;1;7;58;74;0
2A133;Guitera-les-Bains;5.129;132;5;7;8;9;14;31;43;14;16,375;0,258884888;86.3;1;2A133;1;0,41;100;41;0;180;132;100;59,36;23950;75;155;2,066666667;91;52;7;0;0;7;86;4;0;0;4;49;57;1
2A139;Lecci;5.130;1602;200;199;121;9;190;267;299;317;200,25;0,151014729;96.7;1;2A139;0,97;0,04;97;4;0;1272;1602;79,40074906;80,58;23640;747;1939;2,595716198;91;52;15,5;0,1;1;8,3;75,2;161;1;10;86;783;1041;5
2A141;Letia;5.131;123;12;4;10;8;10;8;48;21;15,125;0,295547223;88.9;0;2A141;1;0,82;100;82;0;229;123;100;63,83;19930;75;130;1,733333333;91;52;15,4;0;1,5;9,2;73,8;10;0;1;6;48;65;0
2A142;Levie;5.132;594;55;40;13;13;50;110;206;107;74,25;0,313498844;80.3;1;2A142;0,98;0,68;98;68;0;691;594;100;88,53;20980;315;675;2,142857143;91;52;17,4;0,7;1,4;10;70,5;49;2;4;28;198;281;5
2A144;Lopigna;5.133;102;8;3;10;4;8;14;44;11;12,75;0,346291517;94.8;0;2A144;1;0,56;100;56;0;174;102;100;49,18;23 420;54;106;1,962962963;91;52;2,2;0;0;13,3;84,4;1;0;0;6;38;45;1
2A146;Loreto-di-Tallano;5.134;46;3;1;2;1;3;8;24;4;5,75;0,564538619;89.3;0;2A146;0,98;0,59;98;59;0;53;46;100;83,93;23 420;30;51;1,7;91;52;15,4;0;7,7;0;76,9;2;0;1;0;10;13;1
2A154;Marignana;5.135;94;7;11;2;4;6;8;48;9;11,875;0,471969384;89.8;0;2A154;1;0;100;0;0;180;94;100;87,5;23 420;58;104;1,793103448;91;52;17,9;0;0;2,6;79,5;7;0;0;1;31;39;1
2A158;Mela;5.136;31;1;2;1;1;1;6;22;1;4,375;0,813801627;100;0;2A158;0,93;0;93;0;0;69;31;100;73,97;23 420;20;31;1,55;91;52;0;0;0;0;100;0;0;0;0;4;4;0
2A160;Moca-Croce;5.137;219;26;13;13;8;13;36;80;29;27,25;0,26650363;88.5;1;2A160;1;0,02;100;2;0;343;219;100;94,3;22180;124;247;1,991935484;91;52;13,5;0;0;7,7;78,8;14;0;0;8;82;104;1
2A163;Monacia-d'Aullène;5.138;493;40;30;23;9;49;71;191;80;61,625;0,318239283;88;0;2A163;0,88;0,13;88;13;0;648;493;100;93,54;22110;306;554;1,810457516;91;52;13,9;0;2,6;7,8;75,8;32;0;6;18;175;231;1
2A174;Murzo;5.139;90;8;9;2;1;14;10;31;17;11,5;0,300997874;98.2;0;2A174;0,78;0;78;0;0;131;90;100;58,59;23 420;55;100;1,818181818;91;52;2;2;0;14;82;1;1;0;7;41;50;0
2A181;Ocana;5.140;553;60;26;13;9;82;92;163;107;69;0,278792122;92.9;1;2A181;1;0,33;100;33;0;473;553;85,53345389;86,13;22250;265;630;2,377358491;91;52;13,1;1;0,7;6,7;78,5;39;3;2;20;233;297;2
2A186;Olivese;5.141;199;12;15;2;3;18;31;88;31;25;0,451430685;78.7;0;2A186;0,98;0,93;98;93;0;296;199;100;71,13;19710;119;219;1,840336134;91;52;3,7;0;0;4,9;91,5;3;0;0;4;75;82;1
2A189;Olmeto;5.142;1079;67;117;72;9;120;161;396;137;134,875;0,287371932;92.8;1;2A189;0,82;0,48;82;48;0;1136;1079;100;58,73;22710;615;1241;2,017886179;91;52;6,1;0,2;1,7;6,8;85,2;32;1;9;36;448;526;5
2A191;Olmiccia;5.143;100;10;7;8;1;14;13;21;25;12,375;0,19119811;94.6;1;2A191;0,98;0;98;0;0;89;100;89;54,37;21880;57;118;2,070175439;91;52;15,6;0;0;6,3;78,1;10;0;0;4;50;64;0
2A196;Orto;5.144;59;3;1;1;3;5;6;34;5;7,25;0,662668661;100;0;2A196;1;0;100;0;0;141;59;100;73,76;23 420;32;60;1,875;91;52;0;0;5,6;0;94,4;0;0;1;0;17;18;0
2A197;Osani;5.145;91;9;16;1;5;5;7;36;14;11,625;0,340451461;90.3;0;2A197;0,97;0,8;97;80;0;156;91;100;87,58;23 420;61;97;1,590163934;91;52;18,4;0;0;8,2;73,5;9;0;0;4;36;49;0
2A198;Ota;5.146;436;35;71;5;9;33;74;106;101;54,25;0,267334673;87.1;0;2A198;0,98;0,38;98;38;0;472;436;100;24,22;22590;249;491;1,97188755;91;52;29,5;0;0;3,5;66,9;75;0;0;9;170;254;7
2A200;Palneca;5.147;124;11;8;1;3;10;21;58;14;15,75;0,46317183;69.4;1;2A200;1;0,2;100;20;0;301;124;100;88,75;16760;71;133;1,873239437;91;52;19,6;0;0;6,5;73,9;9;0;0;3;34;46;0
2A203;Partinello;5.148;89;9;6;2;6;8;16;39;4;11,25;0,380559235;88.9;0;2A203;1;0;100;0;0;96;89;100;76,92;23 420;53;94;1,773584906;91;52;0;0;0;17,1;82,9;0;0;0;6;29;35;1
2A204;Pastricciola;5.149;90;10;2;4;1;11;17;33;14;11,5;0,349287201;90.6;0;2A204;0,83;0,12;83;12;0;198;90;100;56,86;23 420;52;94;1,807692308;91;52;7,5;0;2,5;2,5;87,5;3;0;1;1;35;40;0
2A209;Peri;5.150;1718;198;110;107;6;277;257;438;325;214,75;0,219927898;96.2;1;2A209;0,95;0;95;0;0;2095;1718;100;66,33;25940;876;2040;2,328767123;91;52;4,6;0,2;2,4;5,7;87,1;47;2;25;58;890;1022;3
2A211;Petreto-Bicchisano;5.151;504;23;27;21;8;67;84;188;87;63,125;0,347086237;89.3;1;2A211;1;0,43;100;43;0;535;504;100;52,56;21200;275;562;2,043636364;91;52;9;0;4,7;3,8;82,5;21;0;11;9;193;234;6
2A212;Piana;5.152;418;44;38;8;10;27;72;157;62;52,25;0,328683747;83.1;1;2A212;1;0,73;100;73;0;454;418;100;57,86;22900;250;463;1,852;91;52;9,5;0;0,5;12,1;77,9;18;0;1;23;148;190;4
2A215;Pianottoli-Caldarello;5.153;749;59;68;20;12;85;134;234;136;93,5;0,269307085;91.8;0;2A215;0,46;0,38;46;38;0;705;749;94,12550067;66,31;21730;424;851;2,007075472;91;52;10,4;0,8;1,3;7;80,4;40;3;5;27;308;383;6
2A228;Pietrosella;5.154;1616;108;129;135;5;234;279;483;243;202;0,242636053;97;1;2A228;0,79;0,48;79;48;0;1279;1616;79,1460396;39,02;28370;791;1968;2,487989886;91;52;9,2;0,1;2;9,4;79,3;79;1;17;80;678;855;5
2A232;Pila-Canale;5.155;255;25;11;6;6;20;33;103;50;31,75;0,387097386;89.4;0;2A232;1;0,6;100;60;0;242;255;94,90196078;67,19;22090;151;277;1,834437086;91;52;13,1;1,6;0;9,8;75,4;16;2;0;12;92;122;2
2A240;Poggiolo;5.156;108;1;1;3;3;9;45;35;11;13,5;0,623981955;80.6;1;2A240;1;0,54;100;54;0;155;108;100;86,18;23 420;34;111;3,264705882;91;52;7,1;0;0;7,1;85,7;2;0;0;2;24;28;0
2A247;Porto-Vecchio;5.157;8756;1013;774;358;52;1036;1869;1749;1906;1094,625;0,218596363;94;1;2A247;0,66;0,39;66;39;1;9674;8756;100;73,92;21560;5063;11229;2,217855027;91;52;11,8;0,2;0,9;6;81;637;10;49;324;4360;5380;41
2A249;Propriano;5.158;3208;448;222;86;12;289;723;843;586;401,125;0,287641895;83.1;1;2A249;0,72;0,59;72;59;0;2412;3208;75,18703242;77,45;19650;1780;3741;2,101685393;91;52;17,3;0,1;2,4;7,5;72,7;288;1;40;125;1210;1664;14
2A253;Quasquara;5.159;55;6;3;5;1;6;8;25;3;7,125;0,374064044;81.1;0;2A253;1;0;100;0;0;92;55;100;62,37;23 420;31;56;1,806451613;91;52;16,7;4,2;0;4,2;75;4;1;0;1;18;24;0
2A254;Quenza;5.160;177;18;14;5;7;11;30;75;16;22;0,359115799;83.7;0;2A254;0,75;0,5;75;50;0;279;177;100;78,31;19510;119;190;1,596638655;91;52;9,6;0;0;8,2;82,2;7;0;0;6;60;73;1
2A258;Renno;5.161;58;4;1;4;2;9;6;27;6;7,375;0,421232563;78;1;2A258;1;0,69;100;69;0;225;58;100;95,2;23 420;40;62;1,55;91;52;11,5;0;0;3,8;84,6;3;0;0;1;22;26;0
2A259;Rezza;5.162;64;3;1;3;1;6;6;36;8;8;0,635167856;100;0;2A259;0,97;0;97;0;0;86;64;100;61,11;23 420;32;67;2,09375;91;52;27,3;0;0;4,5;68,2;6;0;0;1;15;22;0
2A262;Rosazia;5.163;45;2;3;1;3;6;7;18;6;5,75;0,318781545;76;0;2A262;1;0;100;0;0;95;45;100;41;23 420;25;51;2,04;91;52;10;0;0;10;80;2;0;0;2;16;20;0
2A266;Salice;5.164;84;9;1;2;2;8;9;44;9;10,5;0,56811913;83.3;0;2A266;0,99;0,5;99;50;0;110;84;100;80,53;23 420;47;88;1,872340426;91;52;9,7;0;0;9,7;80,6;3;0;0;3;25;31;0
2A268;Sampolo;5.165;79;7;3;1;2;14;18;33;4;10,25;0,455733557;84;0;2A268;1;0;100;0;0;131;79;100;85,61;23 420;47;84;1,787234043;91;52;6,7;0;0;0;93,3;2;0;0;0;28;30;0
2A269;Sari-Solenzara;5.166;1200;88;103;63;13;132;214;379;208;150;0,255304221;90.4;1;2A269;0,89;0,38;89;38;0;1251;1200;100;52,37;20370;673;1429;2,12332838;91;52;14,9;1;1,1;5,4;77,6;91;6;7;33;474;611;6
2A270;Sari-d'Orcino;5.167;309;30;20;26;14;40;35;105;39;38,625;0,187993407;86.6;1;2A270;0,88;0,33;88;33;0;350;309;100;60,86;22070;164;352;2,146341463;91;52;9,4;0;2,4;5,3;82,9;16;0;4;9;141;170;2
2A271;Sarrola-Carcopino;5.168;2671;323;121;130;15;394;435;536;718;334;0,254551908;94.4;1;2A271;0,87;0,74;87;74;0;2125;2671;79,5582179;47,31;22590;1379;3278;2,377084844;91;52;9,2;0,4;1,9;5,6;83;157;6;32;96;1417;1708;11
2A272;Sartène;5.169;3125;335;246;145;50;324;680;791;554;390,625;0,210026303;84.3;1;2A272;0,64;0,68;64;68;0;2321;3125;74,272;75,89;20130;1667;3570;2,141571686;91;52;9,2;0,2;0,8;19,4;70,4;154;3;13;323;1172;1665;11
2A276;Serra-di-Ferro;5.170;583;81;55;38;14;57;66;209;62;72,75;0,233469563;91.6;1;2A276;0,44;0,5;44;50;0;529;583;90,73756432;75,37;25310;304;636;2,092105263;91;52;7,9;0;1;10,8;80,3;24;0;3;33;245;305;6
2A278;Serra-di-Scopamène;5.171;86;20;3;5;1;12;12;24;9;10,75;0,263974997;82.1;1;2A278;0,42;0,75;42;75;0;130;86;100;60,84;23 420;57;99;1,736842105;91;52;6;0;4;8;82;3;0;2;4;41;50;1
2A279;Serriera;5.172;114;9;14;6;4;10;19;33;20;14,375;0,180484584;85.1;0;2A279;0,99;0;99;0;0;130;114;100;75,56;23 420;66;118;1,787878788;91;52;25,4;0;0;1,6;73;16;0;0;1;46;63;0
2A282;Soccia;5.173;151;6;6;5;7;13;20;83;12;19;0,562214387;82.1;1;2A282;1;0;100;0;0;198;151;100;62,62;21050;92;157;1,706521739;91;52;8,2;0;4,1;8,2;79,6;4;0;2;4;39;49;1
2A284;Sollacaro;5.174;336;32;19;13;13;36;34;136;53;42;0,312884097;85.4;1;2A284;0,91;0,34;91;34;0;358;336;100;63,23;23090;201;369;1,835820896;91;52;15,7;0;2,4;7,8;74,1;26;0;4;13;123;166;2
2A285;Sorbollano;5.175;66;4;3;4;1;4;7;37;5;8,125;0,600498773;94.6;0;2A285;0,98;0;98;0;0;99;66;100;68,32;23 420;39;69;1,769230769;91;52;15;0;0;5;80;3;0;0;1;16;20;0
2A288;Sotta;5.176;1455;176;136;101;16;193;212;359;262;181,875;0,165016674;95.9;1;2A288;0,72;0,76;72;76;0;1113;1455;76,49484536;55,47;23970;788;1711;2,171319797;91;52;11,1;0,5;0,9;6,1;81,4;99;4;8;54;723;888;3
2A295;Sant'Andréa-d'Orcino;5.177;122;8;6;7;3;20;21;44;14;15,375;0,288428408;91.9;0;2A295;0,97;0;97;0;0;102;122;83,60655738;44,55;24510;70;133;1,9;91;52;5,2;3,4;0;3,4;87,9;3;2;0;2;51;58;1
2A300;San-Gavino-di-Carbini;5.178;980;137;110;48;3;117;143;267;155;122,5;0,212900327;93.8;1;2A300;0,97;0;97;0;0;895;980;91,32653061;74,97;25110;528;1120;2,121212121;91;52;7,8;0,2;1,7;3,8;86,4;45;1;10;22;497;575;2
2A308;Sainte-Lucie-de-Tallano;5.179;349;29;19;11;3;33;51;144;60;43,75;0,394337674;83.5;1;2A308;1;0,08;100;8;0;567;349;100;68,8;22600;203;381;1,876847291;91;52;8,3;1,9;1,3;11,5;76,9;13;3;2;18;120;156;5
2A310;Santa-Maria-Figaniella;5.180;88;13;6;1;1;8;9;43;8;11,125;0,499485951;100;0;2A310;1;0,04;100;4;0;118;88;100;78,13;23 420;43;93;2,162790698;91;52;27;0;0;0;73;10;0;0;0;27;37;0
2A312;Santa-Maria-Siché;5.181;333;23;17;10;4;47;58;116;57;41,5;0,332092833;90.9;0;2A312;1;0,3;100;30;0;359;333;100;50,14;21890;190;379;1,994736842;91;52;3,8;0;1,9;5;89,4;6;0;3;8;143;160;4
2A322;Tasso;5.182;79;5;2;1;5;10;14;25;17;9,875;0,318725961;82.9;0;2A322;1;0,97;100;97;0;204;79;100;38,16;23 420;41;88;2,146341463;91;52;17,9;0;0;10,3;71,8;7;0;0;4;28;39;0
2A323;Tavaco;5.183;344;31;15;13;1;66;45;80;95;43,25;0,312240219;95.4;0;2A323;1;0;100;0;0;283;344;82,26744186;35,44;24060;181;402;2,220994475;91;52;9,9;0;0,4;9,4;80,3;22;0;1;21;179;223;0
2A324;Tavera;5.184;354;42;27;9;8;40;62;102;65;44,375;0,232394689;91.6;1;2A324;1;0,62;100;62;0;404;354;100;86,05;22530;216;413;1,912037037;91;52;4,7;0,5;2,1;7,4;85,3;9;1;4;14;162;190;2
2A326;Tolla;5.185;116;5;13;2;1;15;17;46;17;14,5;0,393483562;92.4;0;2A326;1;0;100;0;0;174;116;100;61,67;22150;79;121;1,53164557;91;52;3,8;0;0;7,5;88,7;2;0;0;4;47;53;1
2A330;Ucciani;5.186;425;42;36;27;13;54;62;114;76;53;0,153931129;91.1;0;2A330;1;0,04;100;4;0;511;425;100;60,69;20900;236;502;2,127118644;91;52;9,2;1,2;2,4;4,4;82,9;23;3;6;11;208;251;2
2A331;Urbalacone;5.187;56;8;2;2;1;6;5;25;5;6,75;0,437215877;93.3;1;2A331;1;0,82;100;82;0;73;56;100;94,25;23 420;32;62;1,9375;91;52;8;0;0;20;72;2;0;0;5;18;25;0
2A336;Valle-di-Mezzana;5.188;418;58;20;21;1;67;69;90;91;52,125;0,239866473;97.9;1;2A336;0,99;0;99;0;0;403;418;96,41148325;56,81;24300;189;538;2,846560847;91;52;10;0;2,3;5,7;82;26;0;6;15;214;261;0
2A345;Vero;5.189;502;50;39;40;2;67;71;115;118;62,75;0,204256132;95.8;1;2A345;0,97;0,19;97;19;0;427;502;85,05976096;39,37;23610;258;617;2,391472868;91;52;5,4;0,6;1,9;4,4;87,6;17;2;6;14;276;315;2
2A348;Vico;5.190;856;72;53;39;18;73;146;288;166;106,875;0,279899985;87.9;1;2A348;0,72;0,46;72;46;0;912;856;100;81,98;23820;471;968;2,055201699;91;52;7,4;0,7;2,6;7,1;82,2;31;3;11;30;346;421;9
2A349;Viggianello;5.191;714;80;82;36;13;91;78;190;145;89,375;0,182874527;96.3;1;2A349;0,99;0,65;99;65;0;634;714;88,79551821;85,19;24940;381;872;2,288713911;91;52;6,5;0,2;1,3;9,6;82,3;29;1;6;43;367;446;2
2A351;Villanova;5.192;349;25;21;56;5;58;34;88;62;43,625;0,187589319;96.1;0;2A351;0,99;0,65;99;65;0;364;349;100;50,96;28130;189;396;2,095238095;91;52;7,5;0;0,9;4;87,7;17;0;2;9;199;227;0
2A357;Zérubia;5.193;38;8;3;2;2;3;7;8;7;5;0,137513818;92;0;2A357;0,99;0;99;0;0;59;38;100;80,33;23 420;24;47;1,958333333;91;52;20;4;0;8;68;5;1;0;2;17;25;0
2A358;Zévaco;5.194;47;13;2;1;6;5;4;15;3;6,125;0,289461034;96.6;0;2A358;1;0;100;0;0;82;47;100;63,86;23 420;28;51;1,821428571;91;52;0;0;3,4;13,8;82,8;0;0;1;4;24;29;2
2A359;Zicavo;5.195;208;14;8;3;8;15;40;90;29;25,875;0,439109631;84.7;0;2A359;1;0,65;100;65;0;280;208;100;65,37;18510;117;214;1,829059829;91;52;10,4;0;2,6;3,9;83,1;8;0;2;3;64;77;4
2A360;Zigliara;5.196;121;3;3;16;4;13;15;51;16;15,125;0,385699692;88.4;1;2A360;1;0;100;0;0;155;121;100;57,5;25850;69;128;1,855072464;91;52;8,9;0;0;3,6;87,5;5;0;0;2;49;56;0
2A362;Zonza;5.197;2254;294;179;78;18;265;383;622;415;281,75;0,237912686;93;1;2A362;0,77;0,23;77;23;0;2346;2254;100;74,92;22550;1249;2748;2,200160128;91;52;15,8;0,6;1,3;7,5;74,9;199;7;16;94;945;1261;8
2A363;Zoza;5.198;61;5;2;1;1;3;7;33;9;7,625;0,616280178;80.6;0;2A363;1;0;100;0;0;77;61;100;75,61;23 420;36;66;1,833333333;91;52;19;0;0;0;81;4;0;0;0;17;21;0
2B002;Aghione;5.199;211;46;5;6;16;23;43;50;21;26,25;0,22119479;87.8;0;2B002;1;0,35;100;35;0;188;211;89,09952607;80,79;19870;111;233;2,099099099;90;50;12,5;2,5;0,8;2,5;81,7;15;3;1;3;98;120;2
2B003;Aiti;5.200;22;1;1;2;1;3;1;15;1;3,125;0,672681087;84.6;0;2B003;1;0;100;0;0;64;22;100;66,15;21 460;14;27;1,928571429;90;50;20;0;0;0;80;1;0;0;0;4;5;0
2B005;Alando;5.201;22;1;2;2;1;4;4;5;4;2,875;0,137656483;100;0;2B005;1;0,93;100;93;0;36;22;100;80,56;21 460;11;26;2,363636364;90;50;7,1;0;0;14,3;78,6;1;0;0;2;11;14;0
2B007;Albertacce;5.202;189;17;14;1;17;10;40;69;21;23,625;0,329469158;93.1;1;2B007;1;0;100;0;0;264;189;100;60,71;19020;108;202;1,87037037;90;50;9,6;0;2,4;7,2;80,7;8;0;2;6;67;83;0
2B009;Aléria;5.203;1836;221;103;83;60;171;486;419;292;229,375;0,208237079;91.3;0;2B009;0,89;0,28;89;28;0;1530;1836;83,33333333;77,76;19030;962;2211;2,298336798;90;50;9,3;0;1;4,6;85,1;87;0;9;43;796;935;7
2B010;Algajola;5.204;313;28;34;15;1;36;59;87;53;39,125;0,238540606;92.8;1;2B010;1;0;100;0;0;296;313;94,5686901;87,33;22750;192;363;1,890625;90;50;11,3;0;1,2;7,7;79,8;19;0;2;13;134;168;1
2B012;Altiani;5.205;49;1;1;2;3;4;7;25;8;6,375;0,519304295;93.7;1;2B012;1;0,97;100;97;0;98;49;100;59,79;21 460;31;53;1,709677419;90;50;0;0;0;16,7;83,3;0;0;0;3;15;18;0
2B013;Alzi;5.206;22;1;2;1;1;1;5;7;4;2,75;0,288400562;92.3;0;2B013;1;0,28;100;28;0;36;22;100;78,38;21 460;13;25;1,923076923;90;50;0;0;0;20;80;0;0;0;2;8;10;0
2B015;Ampriani;5.207;22;3;2;1;2;1;7;7;1;3;0,289353031;91.7;0;2B015;1;0;100;0;0;27;22;100;65,52;21 460;12;24;2;90;50;11,1;0;0;22,2;66,7;1;0;0;2;6;9;0
2B016;Antisanti;5.208;511;112;32;14;16;35;106;141;54;63,75;0,261943863;86.4;0;2B016;1;0,71;100;71;0;443;511;86,6927593;54,87;21880;244;568;2,327868852;90;50;8,6;0,4;0,7;19,3;71;23;1;2;52;191;269;1
2B020;Aregno;5.209;533;52;51;19;12;45;90;157;107;66,625;0,23217145;93.4;0;2B020;0,56;0;56;0;0;482;533;90,4315197;63,58;20750;303;595;1,96369637;90;50;12,9;0,3;2,1;8;76,6;37;1;6;23;219;286;1
2B023;Asco;5.210;107;7;7;4;3;10;22;42;11;13,25;0,344978988;90.9;0;2B023;0,84;0;84;0;0;171;107;100;61,11;21 460;67;116;1,731343284;90;50;2,4;0;0;7,1;90,5;1;0;0;3;38;42;1
2B025;Avapessa;5.211;72;7;3;1;1;13;19;27;2;9,125;0,481855798;82.5;0;2B025;0,33;0;33;0;0;84;72;100;55,06;21 460;40;81;2,025;90;50;8;0;0;0;92;2;0;0;0;23;25;0
2B029;Barbaggio;5.212;270;27;23;20;5;52;45;52;44;33,5;0,136959412;96.7;0;2B029;0,91;0;91;0;0;222;270;82,22222222;50,67;22110;137;319;2,328467153;90;50;6,9;0;1,2;4;87,9;12;0;2;7;152;173;1
2B030;Barrettali;5.213;140;4;8;11;2;12;13;78;13;17,625;0,579438415;86.5;0;2B030;1;0,18;100;18;0;203;140;100;89,25;18520;81;146;1,802469136;90;50;2;0;0;8,2;89,8;1;0;0;4;44;49;1
2B033;Bastia;5.214;40775;4199;1963;2000;32;4730;10458;9846;7545;5096,625;0,291562656;81.4;1;2B033;1;0,93;100;93;2;21863;40775;53,61863887;44,37;20530;20882;48768;2,335408486;90;50;11;0,5;1,3;7,7;79,5;2287;109;270;1609;16584;20859;82
2B034;Belgodère;5.215;565;56;51;25;8;67;103;136;121;70,875;0,202139454;93.2;0;2B034;0,4;0,81;40;81;0;483;565;85,48672566;62,58;23180;317;707;2,230283912;90;50;15,7;0,3;0,6;5,4;77,9;52;1;2;18;258;331;3
2B036;Bigorno;5.216;85;4;5;2;1;5;11;47;11;10,75;0,610402201;89.1;0;2B036;1;0;100;0;0;96;85;100;73,96;21 460;51;90;1,764705882;90;50;14,8;0;0;3,7;81,5;4;0;0;1;22;27;0
2B037;Biguglia;5.217;6357;659;371;444;29;1023;1223;1288;1320;794,625;0,20724138;93.8;1;2B037;1;0,94;100;94;0;4883;6357;76,81296209;60,09;23730;3392;7654;2,256485849;90;50;7,8;0,4;2;6,2;83,7;300;14;76;241;3234;3865;16
2B039;Bisinchi;5.218;185;20;12;17;1;15;43;61;16;23,125;0,293546448;76.7;1;2B039;1;0,02;100;2;0;268;185;100;91,54;19410;105;213;2,028571429;90;50;1,3;0;6,3;0;92,5;1;0;5;0;74;80;1
2B042;Borgo;5.219;7980;939;459;396;29;1205;1904;1496;1552;997,5;0,234273241;94.8;1;2B042;0,7;0,86;70;86;0;5394;7980;67,59398496;27,79;23070;3999;9678;2,420105026;90;50;7,2;0,1;1,5;5,7;85,5;332;3;71;266;3955;4627;15
2B043;Brando;5.220;1393;72;111;121;3;220;198;478;190;174,125;0,291732485;91.4;1;2B043;0,9;0,01;90;1;0;1494;1393;100;77,13;24860;805;1580;1,962732919;90;50;5,6;0,1;1,7;7,3;85,3;40;1;12;52;610;715;6
2B045;Bustanico;5.221;60;2;3;1;3;7;15;20;8;7,375;0,353942572;75.9;0;2B045;1;0;100;0;0;96;60;100;82,52;21 460;29;66;2,275862069;90;50;8;0;0;0;92;2;0;0;0;23;25;0
2B046;Cagnano;5.222;139;12;9;4;4;15;26;48;22;17,5;0,279485558;91.9;0;2B046;0,83;0,25;83;25;0;210;139;100;88,94;20210;85;153;1,8;90;50;19,7;1,5;0;10,6;68,2;13;1;0;7;45;66;0
2B047;Calacuccia;5.223;239;9;13;6;23;13;56;94;23;29,625;0,383264943;78.7;1;2B047;0,45;0,73;45;73;0;572;239;100;92,11;17950;131;270;2,061068702;90;50;16,3;0;0;2,2;81,5;15;0;0;2;75;92;6
2B049;Calenzana;5.224;2067;203;196;68;47;176;415;558;404;258,375;0,225113589;92.5;1;2B049;0,99;0,44;99;44;0;1653;2067;79,97097242;52,63;21060;1142;2566;2,246935201;90;50;11,7;0;0,6;7,4;80,2;129;0;7;81;881;1098;6
2B050;Calvi;5.225;4859;384;331;161;19;428;766;983;1787;607,375;0,364901336;84.5;1;2B050;0,57;0,25;57;25;0;4094;4859;84,25601976;69,24;20080;2343;5746;2,452411438;90;50;15,1;0,1;0,5;33,5;50,9;474;2;15;1048;1594;3133;20
2B051;Cambia;5.226;64;3;1;3;6;7;11;28;6;8,125;0,38801939;71.8;1;2B051;1;0;100;0;0;119;64;100;61,6;21 460;36;68;1,888888889;90;50;7,7;0;3,8;15,4;73,1;2;0;1;4;19;26;0
2B052;Campana;5.227;21;1;1;1;1;1;2;13;1;2,625;0,688758914;72.7;0;2B052;1;0;100;0;0;75;21;100;60,49;21 460;12;21;1,75;90;50;0;0;20;0;80;0;0;1;0;4;5;0
2B053;Campi;5.228;18;2;1;3;1;3;3;6;1;2,5;0,184927357;90.9;1;2B053;1;0;100;0;0;53;18;100;78,18;21 460;11;19;1,727272727;90;50;0;0;0;0;100;0;0;0;0;9;9;0
2B054;Campile;5.229;170;19;9;2;1;8;29;77;27;21,5;0,506676021;88.8;0;2B054;1;0,05;100;5;0;254;170;100;64,26;19110;97;184;1,896907216;90;50;7,6;0;3;7,6;81,8;5;0;2;5;54;66;1
2B055;Campitello;5.230;107;8;6;4;1;3;20;56;8;13,25;0,606539956;83.9;0;2B055;1;0;100;0;0;179;107;100;92,02;21 460;64;112;1,75;90;50;6,7;0;0;0;93,3;2;0;0;0;28;30;1
2B057;Canale-di-Verde;5.231;285;27;18;5;12;25;65;94;39;35,625;0,288833197;92.4;1;2B057;0,71;0,06;71;6;0;249;285;87,36842105;65,27;21180;154;307;1,993506494;90;50;12,6;0;3,1;3,9;80,3;16;0;4;5;102;127;1
2B058;Canari;5.232;289;29;14;9;3;15;56;127;37;36,25;0,452751688;84.9;1;2B058;0,94;0,04;94;4;0;289;289;100;85,03;18470;174;316;1,816091954;90;50;20,6;0,9;3,7;8,4;66,4;22;1;4;9;71;107;3
2B059;Canavaggia;5.233;101;4;3;5;1;13;19;41;17;12,875;0,421391852;93.2;0;2B059;1;0,04;100;4;0;214;101;100;47,03;20470;56;116;2,071428571;90;50;4,8;0;0;4,8;90,5;2;0;0;2;38;42;0
2B063;Carcheto-Brustico;5.234;41;6;2;5;1;1;8;13;7;5,375;0,266736444;96.4;0;2B063;1;0;100;0;0;53;41;100;55,36;21 460;24;48;2;90;50;4,8;0;0;4,8;90,5;1;0;0;1;19;21;0
2B067;Carpineto;5.235;34;1;2;1;2;3;7;16;3;4,375;0,448294996;82.4;0;2B067;1;0;100;0;0;38;34;100;72,97;21 460;19;36;1,894736842;90;50;10;10;0;10;70;1;1;0;1;7;10;0
2B068;Carticasi;5.236;25;2;1;3;1;3;4;13;1;3,5;0,42107586;100;0;2B068;0,99;0;99;0;0;65;25;100;67,82;21 460;12;25;2,083333333;90;50;25;0;25;0;50;2;0;2;0;4;8;0
2B069;Casabianca;5.237;112;8;1;8;2;17;16;44;15;13,875;0,38169965;91.7;1;2B069;1;0;100;0;0;166;112;100;70,48;21 460;49;118;2,408163265;90;50;17,3;1,9;0;7,7;73,1;9;1;0;4;38;52;0
2B072;Casalta;5.238;51;3;1;2;4;3;5;28;5;6,375;0,5577973;84;1;2B072;0,98;0;98;0;0;61;51;100;78,33;21 460;26;54;2,076923077;90;50;5,9;0;0;5,9;88,2;1;0;0;1;15;17;0
2B073;Casamaccioli;5.239;100;5;4;1;7;10;26;37;11;12,625;0,384429042;86.2;0;2B073;1;0;100;0;0;255;100;100;44,83;20770;57;112;1,964912281;90;50;15,4;0;0;0;84,6;6;0;0;0;33;39;0
2B074;Casanova;5.240;321;28;32;22;6;50;45;89;48;40;0,171014339;92;0;2B074;1;0,12;100;12;0;255;321;79,43925234;49,06;23100;169;385;2,278106509;90;50;5,4;0;0,5;5,9;88,1;10;0;1;11;163;185;0
2B075;Casevecchie;5.241;63;5;1;1;1;4;8;40;4;8;0,785062442;85.3;0;2B075;1;0,58;100;58;0;63;63;100;79,69;21 460;35;72;2,057142857;90;50;7,1;0;0;7,1;85,7;1;0;0;1;12;14;0
2B077;Castellare-di-Casinca;5.242;583;66;25;29;11;73;124;150;104;72,75;0,225940057;93.1;1;2B077;0,88;0,78;88;78;0;485;583;83,19039451;34,8;21530;307;706;2,299674267;90;50;11;0,3;2,6;5,8;80,3;34;1;8;18;248;309;4
2B078;Castellare-di-Mercurio;5.243;24;5;2;1;1;3;2;6;5;3,125;0,177100178;86.7;0;2B078;1;0;100;0;0;68;24;100;69,84;21 460;15;28;1,866666667;90;50;18,8;0;0;0;81,3;3;0;0;0;13;16;0
2B079;Castello-di-Rostino;5.244;416;56;25;15;8;31;79;115;87;52;0,253056907;93;1;2B079;1;0,54;100;54;0;529;416;100;89,89;20730;198;504;2,545454545;90;50;14;0;2,3;5,9;77,9;31;0;5;13;173;222;2
2B080;Castifao;5.245;129;13;3;5;6;9;25;43;25;16,125;0,304034892;90.4;0;2B080;0,99;0;99;0;0;230;129;100;94,12;21880;68;136;2;90;50;12,7;3,2;3,2;7,9;73;8;2;2;5;46;63;1
2B081;Castiglione;5.246;40;1;1;1;1;6;6;25;3;5,5;0,687725683;78.3;0;2B081;1;0;100;0;0;77;40;100;61,33;21 460;22;41;1,863636364;90;50;30;0;0;0;70;3;0;0;0;7;10;0
2B082;Castineta;5.247;37;1;1;2;1;2;6;23;2;4,75;0,732008194;80;1;2B082;1;0;100;0;0;43;37;100;67,35;21 460;21;37;1,761904762;90;50;28,6;0;14,3;0;57,1;2;0;1;0;4;7;1
2B083;Castirla;5.248;135;8;7;6;3;14;28;50;20;17;0,32904858;91.7;1;2B083;1;0,77;100;77;0;219;135;100;60,54;20070;67;149;2,223880597;90;50;16,9;0;1,7;10,2;71,2;10;0;1;6;42;59;0
2B084;Cateri;5.249;204;17;16;4;7;39;34;50;37;25,5;0,210698361;89.5;0;2B084;0,13;0,11;13;11;0;178;204;87,25490196;56,14;21180;118;249;2,110169492;90;50;11,6;0,8;0;7,4;80,2;14;1;0;9;97;121;1
2B086;Centuri;5.250;167;12;11;7;6;7;35;65;23;20,75;0,353464286;85.6;0;2B086;0,97;0;97;0;0;224;167;100;95,18;19490;93;181;1,946236559;90;50;13,4;0;0;13,4;73,1;9;0;0;9;49;67;1
2B087;Cervione;5.251;1899;147;120;118;29;224;341;609;311;237,375;0,24886253;90.3;1;2B087;0,45;0,77;45;77;0;1631;1899;85,88730911;77,35;21300;1081;2172;2,009250694;90;50;9,2;0,2;2;6,8;81,8;88;2;19;65;783;957;7
2B088;Chiatra;5.252;196;21;9;13;8;25;37;66;18;24,625;0,229281617;90.1;1;2B088;0,98;0,42;98;42;0;190;196;96,93877551;63,45;23740;115;219;1,904347826;90;50;10,4;0;1;6,3;82,3;10;0;1;6;79;96;0
2B093;Corbara;5.253;810;56;84;58;2;86;113;298;114;101,375;0,30032203;96;1;2B093;0,81;0,84;81;84;0;703;810;86,79012346;44,72;22870;469;922;1,965884861;90;50;9;0;0;6,5;84,5;36;0;0;26;338;400;1
2B095;Corscia;5.254;124;5;2;5;9;8;24;58;14;15,625;0,472063934;78.6;0;2B095;0,99;0;99;0;0;229;124;100;55,7;18710;69;126;1,826086957;90;50;7;0;2,3;7;83,7;3;0;1;3;36;43;0
2B096;Corte;5.255;6895;395;270;390;54;615;3100;1022;1049;861,875;0,443863582;78.4;1;2B096;1;0,84;100;84;0;3657;6895;53,03843365;65,08;20820;4137;7654;1,850132947;90;50;7,7;0,3;6,1;10,9;75;217;8;173;308;2117;2823;19
2B097;Costa;5.256;46;6;10;1;1;2;8;13;7;6;0,265822763;96.7;0;2B097;1;0,92;100;92;0;60;46;100;80,33;21 460;29;50;1,724137931;90;50;7,7;0;0;0;92,3;2;0;0;0;24;26;0
2B101;Croce;5.257;75;4;2;2;3;2;11;38;11;9,125;0,583254258;86.5;0;2B101;1;0;100;0;0;91;75;100;55,43;21 460;38;81;2,131578947;90;50;8,3;0;4,2;0;87,5;2;0;1;0;21;24;0
2B102;Crocicchia;5.258;72;7;11;2;1;7;22;19;3;9;0,334011477;92.1;1;2B102;1;0,61;100;61;0;100;72;100;78,79;21 460;38;80;2,105263158;90;50;6,5;0;0;0;93,5;2;0;0;0;29;31;0
2B105;Erbajolo;5.259;95;2;2;4;3;9;12;47;15;11,75;0,544499891;86.5;0;2B105;1;0,91;100;91;0;114;95;100;69,64;21 460;57;100;1,754385965;90;50;2,8;0;0;2,8;94,4;1;0;0;1;34;36;1
2B106;Érone;5.260;10;1;1;1;1;1;4;1;4;1,75;0,232552418;66.7;0;2B106;1;0;100;0;0;23;10;100;45;21 460;6;12;2;90;50;14,3;0;0;0;85,7;1;0;0;0;6;7;0
2B107;Ersa;5.261;132;5;15;3;5;13;14;60;15;16,25;0,416395861;82.3;0;2B107;0,79;0,18;79;18;0;225;132;100;74,9;17870;85;136;1,6;90;50;15,5;0;1,7;6,9;75,9;9;0;1;4;44;58;2
2B109;Farinole;5.262;203;12;13;9;3;22;35;79;30;25,375;0,342080378;96.9;1;2B109;0,82;0,28;82;28;0;245;203;100;64,14;23220;112;236;2,107142857;90;50;8,9;1,1;0;6,7;83,3;8;1;0;6;75;90;0
2B110;Favalello;5.263;59;6;3;6;3;9;13;11;7;7,25;0,108832484;92.6;0;2B110;1;0;100;0;0;79;59;100;64,56;21 460;27;68;2,518518519;90;50;21,6;0;0;2,7;75,7;8;0;0;1;28;37;0
2B111;Felce;5.264;49;3;1;4;3;3;11;23;2;6,25;0,473662484;74.3;0;2B111;1;0,82;100;82;0;77;49;100;62,96;21 460;34;50;1,470588235;90;50;0;6,3;6,3;6,3;81,3;0;1;1;1;13;16;0
2B112;Feliceto;5.265;199;23;21;8;9;19;31;57;31;24,875;0,1618521;90.9;0;2B112;0,47;0;47;0;0;197;199;98,99497487;80,9;20360;113;235;2,079646018;90;50;14,4;0;0,9;9;75,7;16;0;1;10;84;111;1
2B113;Ficaja;5.266;55;3;1;1;1;1;8;31;9;6,875;0,729562788;90.6;1;2B113;1;0;100;0;0;71;55;100;45;21 460;33;58;1,757575758;90;50;26,7;6,7;0;6,7;60;4;1;0;1;9;15;0
2B116;Focicchia;5.267;26;1;2;1;2;1;8;8;3;3,25;0,334402321;75;0;2B116;1;0;100;0;0;74;26;100;56,94;21 460;13;30;2,307692308;90;50;0;0;10;0;90;0;0;1;0;9;10;0
2B120;Furiani;5.268;5092;485;278;334;13;791;1150;1145;896;636,5;0,236209715;92.9;1;2B120;1;0,81;100;81;0;4182;5092;82,12882954;46,43;23840;2532;6032;2,382306477;90;50;6,6;0,7;2,8;5,3;84,6;185;21;78;150;2388;2822;13
2B121;Galéria;5.269;324;24;20;17;23;27;39;125;49;40,5;0,257259268;88.4;1;2B121;0,99;0,07;99;7;0;459;324;100;94;21850;185;379;2,048648649;90;50;21,7;0,6;0;4,3;73,3;35;1;0;7;118;161;3
2B122;Gavignano;5.270;55;1;1;1;3;12;4;28;5;6,875;0,617723083;91.2;0;2B122;1;0;100;0;0;59;55;100;75,38;21 460;35;60;1,714285714;90;50;13;0;0;4,3;82,6;3;0;0;1;19;23;0
2B123;Ghisonaccia;5.271;3563;674;190;123;71;344;765;808;590;445,625;0,224102797;87.5;1;2B123;0,39;0,3;39;30;0;2517;3563;70,64271681;73,33;20420;1874;4248;2,266808965;90;50;14,7;0,4;1,4;9,8;73,7;298;8;28;199;1496;2029;8
2B124;Ghisoni;5.272;199;4;8;7;3;8;34;113;22;24,875;0,694817447;81.5;1;2B124;0,95;0,05;95;5;0;447;199;100;61,95;20410;126;205;1,626984127;90;50;9,6;0;1,9;17,3;71,2;5;0;1;9;37;52;1
2B125;Giocatojo;5.273;49;1;2;1;3;1;11;16;15;6,25;0,488241572;79.2;0;2B125;1;1;100;100;0;47;49;95,91836735;69,81;21 460;26;55;2,115384615;90;50;23,8;0;0;0;76,2;5;0;0;0;16;21;0
2B126;Giuncaggio;5.274;65;5;4;1;3;11;17;20;4;8,125;0,318738912;87.5;0;2B126;1;0,5;100;50;0;81;65;100;76,54;21 460;34;72;2,117647059;90;50;7,7;0;0;11,5;80,8;2;0;0;3;21;26;0
2B134;L'Île-Rousse;5.275;2721;319;196;113;11;212;662;743;466;340,25;0,285153253;80.4;1;2B134;0,34;0,86;34;86;0;2550;2721;93,71554576;68,23;19410;1527;3220;2,108709889;90;50;11,5;0,1;0,5;7,8;80,1;153;1;6;104;1064;1328;0
2B135;Isolaccio-di-Fiumorbo;5.276;314;15;14;4;14;19;109;109;32;39,5;0,468070415;81.4;1;2B135;0,95;0,45;95;45;0;458;314;100;73;17680;197;324;1,644670051;90;50;15,5;0;3,1;1;80,4;15;0;3;1;78;97;0
2B136;Lama;5.277;144;9;3;9;8;18;25;53;17;17,75;0,296643337;85.9;1;2B136;1;0;100;0;0;192;144;100;59,04;24250;87;150;1,724137931;90;50;16,9;0;0;3,1;80;11;0;0;2;52;65;1
2B137;Lano;5.278;21;1;1;1;2;1;4;12;1;2,875;0,5417887;90;0;2B137;1;0;100;0;0;42;21;100;90,24;21 460;10;22;2,2;90;50;0;0;0;0;100;0;0;0;0;5;5;0
2B138;Lavatoggio;5.279;132;12;13;4;5;7;29;38;23;16,375;0,245260857;89.5;0;2B138;0,82;0;82;0;0;138;132;100;60,99;19770;78;152;1,948717949;90;50;21,9;0;0;3,1;75;14;0;0;2;48;64;0
2B140;Lento;5.280;97;6;5;7;2;14;18;35;10;12,125;0,290729936;84.5;1;2B140;1;0,99;100;99;0;133;97;100;96,15;21 460;56;111;1,982142857;90;50;7;0;2,3;0;90,7;3;0;1;0;39;43;0
2B143;Linguizzetta;5.281;955;136;53;24;69;86;198;285;104;119,375;0,213646417;91.9;0;2B143;0,87;0,05;87;5;0;715;955;74,86910995;45,89;18010;502;1103;2,197211155;90;50;12;0,4;0,2;17,5;69,9;57;2;1;83;332;475;1
2B145;Loreto-di-Casinca;5.282;186;15;11;9;8;9;45;67;23;23,375;0,315251429;79.6;1;2B145;0,97;0,02;97;2;0;268;186;100;61,31;15600;97;207;2,134020619;90;50;14,3;1,3;1,3;3,9;79,2;11;1;1;3;61;77;2
2B147;Lozzi;5.283;108;6;1;12;7;7;25;38;11;13,375;0,330810804;85;0;2B147;0,9;0;90;0;0;237;108;100;45,24;20710;61;111;1,819672131;90;50;6,8;0;0;13,6;79,5;3;0;0;6;35;44;0
2B148;Lucciana;5.284;4908;704;253;224;39;769;1001;896;1024;613,75;0,216975936;94.6;1;2B148;0,32;0,84;32;84;0;3637;4908;74,10350448;48,45;20920;2651;6091;2,297623538;90;50;10,1;0,4;1,7;6,9;80,8;308;12;52;211;2457;3040;9
2B149;Lugo-di-Nazza;5.285;76;10;2;3;6;8;15;23;9;9,5;0,217210997;88.9;0;2B149;0,95;0;95;0;0;119;76;100;67,74;21 460;36;84;2,333333333;90;50;13,2;0;0;2,6;84,2;5;0;0;1;32;38;0
2B150;Lumio;5.286;1123;59;95;46;9;92;150;421;250;140,25;0,36940682;90.9;1;2B150;0,96;0,01;96;1;0;994;1123;88,51291184;46,12;24240;597;1214;2,033500838;90;50;13,3;0,5;0,2;26,8;59,2;74;3;1;149;329;556;5
2B152;Luri;5.287;762;66;45;41;6;67;143;279;114;95,125;0,324256192;88.1;1;2B152;0,49;0,38;49;38;0;783;762;100;94,83;21080;380;853;2,244736842;90;50;17;1,2;1,8;5,6;74,5;58;4;6;19;254;341;9
2B153;Manso;5.288;109;9;3;3;8;9;22;43;11;13,5;0,349982865;90.6;0;2B153;1;0,18;100;18;0;156;109;100;92,36;23640;66;118;1,787878788;90;50;13,6;0;2,3;4,5;79,5;6;0;1;2;35;44;0
2B155;Matra;5.289;48;1;4;1;1;2;14;22;3;6;0,607762307;85.2;0;2B155;1;0;100;0;0;95;48;100;96,91;21 460;29;49;1,689655172;90;50;9,1;0;0;0;90,9;1;0;0;0;10;11;0
2B156;Mausoléo;5.290;25;1;1;1;4;2;4;11;4;3,5;0,332903985;92.9;0;2B156;1;0;100;0;0;41;25;100;92,5;21 460;13;25;1,923076923;90;50;0;0;0;0;100;0;0;0;0;11;11;0
2B157;Mazzola;5.291;27;4;1;2;1;1;1;16;2;3,5;0,628636522;80;0;2B157;1;0;100;0;0;38;27;100;42,5;21 460;18;27;1,5;90;50;0;0;0;50;50;0;0;0;5;5;10;0
2B159;Meria;5.292;75;7;1;3;2;13;18;26;6;9,5;0,368913496;80.4;0;2B159;0,96;0;96;0;0;115;75;100;67,2;21 460;50;79;1,58;90;50;15,6;0;0;9,4;75;5;0;0;3;24;32;1
2B161;Moïta;5.293;61;4;3;2;5;3;13;26;6;7,75;0,377722375;85.4;0;2B161;1;0,93;100;93;0;89;61;100;59,34;21 460;40;63;1,575;90;50;34,8;0;0;4,3;60,9;8;0;0;1;14;23;1
2B162;Moltifao;5.294;636;43;32;27;14;85;131;200;103;79,375;0,274456412;90.7;0;2B162;1;0,09;100;9;0;697;636;100;65,12;22540;328;714;2,176829268;90;50;13,3;0,3;1,9;7,5;76,9;41;1;6;23;237;308;1
2B164;Monacia-d'Orezza;5.295;19;1;1;2;1;5;2;6;5;2,875;0,231665789;83.3;0;2B164;1;0;100;0;0;39;19;100;69,23;21 460;11;23;2,090909091;90;50;15,4;0;0;0;84,6;2;0;0;0;11;13;0
2B165;Moncale;5.296;267;26;20;12;2;32;53;72;48;33,125;0,238945523;92.8;1;2B165;1;0,06;100;6;0;289;267;100;54,23;20830;153;340;2,222222222;90;50;16,3;0;0;5,7;78;23;0;0;8;110;141;0
2B166;Monte;5.297;532;69;29;26;17;54;108;141;88;66,5;0,192903616;91.6;1;2B166;1;0,48;100;48;0;570;532;100;56,25;19490;282;630;2,234042553;90;50;9,4;0,3;1,7;4,2;84,3;27;1;5;12;242;287;0
2B167;Montegrosso;5.298;375;30;34;16;8;35;60;147;47;47,125;0,305226897;93.5;0;2B167;0,99;0,21;99;21;0;397;375;100;66,01;23070;219;420;1,917808219;90;50;8,2;0,6;0;9,4;81,8;14;1;0;16;139;170;1
2B168;Monticello;5.299;1752;169;160;100;19;193;269;581;262;219,125;0,242385649;93.6;1;2B168;0,96;0,86;96;86;0;1423;1752;81,22146119;52,49;23000;953;2029;2,129066107;90;50;9,6;0,2;1,1;5,7;83,3;87;2;10;52;754;905;1
2B169;Morosaglia;5.300;829;91;57;24;14;57;192;221;173;103,625;0,27908709;82.9;1;2B169;1;0,61;100;61;0;882;829;100;86,14;20840;440;963;2,188636364;90;50;9,8;0,5;2,4;9,3;78;41;2;10;39;327;419;9
2B170;Morsiglia;5.301;93;7;11;2;2;4;11;40;16;11,625;0,413610123;90;1;2B170;1;0;100;0;0;135;93;100;77,55;21 460;57;105;1,842105263;90;50;20,9;0;0;11,6;67,4;9;0;0;5;29;43;1
2B171;Muracciole;5.302;34;7;2;2;4;1;5;9;4;4,25;0,179743529;90;0;2B171;1;0;100;0;0;49;34;100;83,33;21 460;20;34;1,7;90;50;0;0;5;15;80;0;0;1;3;16;20;0
2B172;Murato;5.303;501;50;29;33;4;49;96;176;63;62,5;0,29299734;87.6;1;2B172;1;0,02;100;2;0;559;501;100;88,17;23330;281;567;2,017793594;90;50;6,5;0;1,7;3,9;87,9;15;0;4;9;203;231;6
2B173;Muro;5.304;227;21;18;10;10;17;40;69;42;28,375;0,208978936;87.3;0;2B173;0,99;0;99;0;0;265;227;100;56,32;20680;126;252;2;90;50;11,2;1,7;0,9;7,8;78,4;13;2;1;9;91;116;1
2B175;Nessa;5.305;109;5;10;8;2;9;10;55;12;13,875;0,452054983;92.9;0;2B175;0,47;0;47;0;0;119;109;100;80,67;21 460;67;119;1,776119403;90;50;12,8;0;0;8,5;78,7;6;0;0;4;37;47;1
2B176;Nocario;5.306;70;4;2;4;1;4;18;34;5;9;0,552663836;85.7;0;2B176;0,99;0;99;0;0;96;70;100;67,65;21 460;41;75;1,829268293;90;50;10,5;0;0;0;89,5;2;0;0;0;17;19;0
2B177;Noceta;5.307;61;3;1;4;5;4;10;27;8;7,75;0,389119414;88.1;0;2B177;1;0;100;0;0;102;61;100;70,3;21 460;36;63;1,75;90;50;4;0;8;12;76;1;0;2;3;19;25;0
2B178;Nonza;5.308;56;2;6;9;1;5;10;20;4;7,125;0,289806691;85;1;2B178;0,95;0,88;95;88;0;137;56;100;69,23;21 460;43;67;1,558139535;90;50;3,8;0;3,8;3,8;88,5;1;0;1;1;23;26;2
2B179;Novale;5.309;54;5;4;1;1;3;18;16;6;6,75;0,387251419;87.1;1;2B179;1;0;100;0;0;63;54;100;92,06;21 460;32;60;1,875;90;50;15;0;0;0;85;3;0;0;0;17;20;0
2B180;Novella;5.310;74;10;4;1;2;6;8;35;7;9,125;0,465721348;83;1;2B180;1;0,91;100;91;0;97;74;100;71,29;21 460;48;79;1,645833333;90;50;6,7;0;0;10;83,3;2;0;0;3;25;30;0
2B182;Occhiatana;5.311;231;12;22;12;11;21;37;90;26;28,875;0,278798099;90.2;1;2B182;0,91;0,92;91;92;0;241;231;100;66,81;21370;131;254;1,938931298;90;50;8,6;0;1;7,6;82,9;9;0;1;8;87;105;0
2B183;Ogliastro;5.312;82;5;6;2;1;3;20;29;17;10,375;0,422175982;83;0;2B183;1;0,43;100;43;0;96;82;100;69,07;21 460;46;91;1,97826087;90;50;14,7;0;0;5,9;79,4;5;0;0;2;27;34;0
2B184;Olcani;5.313;89;14;1;3;2;6;12;35;16;11,125;0,41099587;95.2;0;2B184;0,91;0;91;0;0;97;89;100;44,9;21 460;42;94;2,238095238;90;50;12,2;0;0;0;87,8;5;0;0;0;36;41;0
2B185;Oletta;5.314;1554;138;105;62;28;180;279;527;235;194,25;0,271052536;92.5;1;2B185;0,64;0,08;64;8;0;1129;1554;72,65122265;75,89;21900;772;1801;2,332901554;90;50;13,5;0,1;1,3;5,9;79,1;102;1;10;45;599;757;1
2B187;Olmeta-di-Capocorso;5.315;123;7;9;3;2;8;26;51;18;15,5;0,420243562;81.7;1;2B187;1;0;100;0;0;168;123;100;91,01;19560;69;130;1,884057971;90;50;8,3;0;2,1;10,4;79,2;4;0;1;5;38;48;0
2B188;Olmeta-di-Tuda;5.316;435;58;26;20;5;49;77;97;103;54,375;0,221277815;93.6;0;2B188;0,98;0;98;0;0;375;435;86,20689655;36,9;21730;222;543;2,445945946;90;50;10,2;0,4;0,4;7,6;81,4;27;1;1;20;215;264;1
2B190;Olmi-Cappella;5.317;172;9;7;2;7;17;23;87;19;21,375;0,523528853;77.3;0;2B190;0,98;0;98;0;0;199;172;100;67,35;18300;109;184;1,688073394;90;50;19,4;0;1,6;11,3;67,7;12;0;1;7;42;62;1
2B192;Olmo;5.318;122;17;4;2;5;13;33;27;21;15,25;0,265543005;93.3;1;2B192;1;0,08;100;8;0;196;122;100;74,76;21 460;62;143;2,306451613;90;50;4,8;0;3,2;3,2;88,9;3;0;2;2;56;63;0
2B193;Omessa;5.319;508;55;23;31;17;49;115;131;89;63,75;0,201195126;92;1;2B193;1;0,12;100;12;0;454;508;89,37007874;60,4;20320;267;600;2,247191011;90;50;10,4;0,7;2,2;11,6;75;28;2;6;31;201;268;2
2B194;Ortale;5.320;26;5;1;2;1;4;1;13;1;3,5;0,473058568;86.7;0;2B194;1;0;100;0;0;33;26;100;51,52;21 460;15;26;1,733333333;90;50;16,7;0;0;0;83,3;2;0;0;0;10;12;0
2B195;Ortiporio;5.321;109;14;6;1;2;11;20;36;20;13,75;0,327110944;84.2;0;2B195;1;0,04;100;4;0;136;109;100;76,98;20690;56;122;2,178571429;90;50;18,2;0;0;10,9;70,9;10;0;0;6;39;55;0
2B199;Palasca;5.322;162;17;13;15;7;18;34;33;24;20,125;0,099478689;91.8;0;2B199;0,38;0,41;38;41;0;177;162;100;84,18;19960;99;187;1,888888889;90;50;18,4;0;0;4,1;77,6;18;0;0;4;76;98;1
2B201;Pancheraccia;5.323;177;18;4;6;9;14;42;56;28;22,125;0,297347146;86;0;2B201;1;0,17;100;17;0;194;177;100;57;18390;93;197;2,11827957;90;50;13,8;0;2,5;10;73,8;11;0;2;8;59;80;0
2B202;Parata;5.324;25;1;2;1;1;1;5;13;2;3,25;0,519965001;90.9;0;2B202;1;0;100;0;0;29;25;100;78,57;21 460;12;25;2,083333333;90;50;0;0;0;0;100;0;0;0;0;6;6;0
2B205;Patrimonio;5.325;749;66;51;43;19;88;145;240;98;93,75;0,226072939;90.6;1;2B205;0,22;0,17;22;17;0;710;749;94,79305741;38,22;20520;425;877;2,063529412;90;50;8,7;0,3;1,9;7,7;81,4;32;1;7;28;298;366;2
2B206;Penta-Acquatella;5.326;40;3;2;3;2;3;6;15;5;4,875;0,264049093;93.8;0;2B206;1;0;100;0;0;47;40;100;80;21 460;18;40;2,222222222;90;50;10;0;0;10;80;2;0;0;2;16;20;0
2B207;Penta-di-Casinca;5.327;2874;344;151;128;33;275;646;765;533;359,375;0,256134483;88.4;1;2B207;0,48;0,81;48;81;0;2352;2874;81,83716075;64,93;20440;1570;3376;2,150318471;90;50;15,7;0,3;2,2;6,6;75,2;233;5;33;98;1119;1488;7
2B208;Perelli;5.328;101;4;6;1;9;4;29;37;11;12,625;0,427175705;93.2;0;2B208;1;0,38;100;38;0;115;101;100;65,25;21 460;44;109;2,477272727;90;50;16,7;0;0;13,9;69,4;6;0;0;5;25;36;0
2B210;Pero-Casevecchie;5.329;106;13;5;3;4;6;25;38;13;13,375;0,332104424;90;0;2B210;0,66;1;66;100;0;132;106;100;58,14;21 460;59;113;1,915254237;90;50;12,8;2,1;0;6,4;78,7;6;1;0;3;37;47;1
2B213;Pianello;5.330;53;7;4;2;4;3;16;16;1;6,625;0,337766539;79.4;0;2B213;1;0,92;100;92;0;96;53;100;71,43;21 460;33;57;1,727272727;90;50;14,3;0;0;9,5;76,2;3;0;0;2;16;21;0
2B214;Piano;5.331;19;1;1;2;1;1;3;9;3;2,625;0,356490022;78.6;0;2B214;0,95;1;95;100;0;35;19;100;51,35;21 460;14;19;1,357142857;90;50;0;0;0;14,3;85,7;0;0;0;1;6;7;0
2B216;Piazzali;5.332;19;1;1;3;1;1;7;7;1;2,75;0,376516313;100;0;2B216;1;0,19;100;19;0;25;19;100;73,08;21 460;12;19;1,583333333;90;50;57,1;0;14,3;0;28,6;4;0;1;0;2;7;0
2B217;Piazzole;5.333;43;8;3;2;1;8;6;10;6;5,5;0,169801009;95.8;0;2B217;0,96;0,91;96;91;0;59;43;100;76,67;21 460;23;47;2,043478261;90;50;7,1;0;3,6;7,1;82,1;2;0;1;2;23;28;0
2B218;Piedicorte-di-Gaggio;5.334;92;5;5;2;3;3;15;42;18;11,625;0,489873402;85.7;1;2B218;1;0;100;0;0;149;92;100;61,54;21 460;57;104;1,824561404;90;50;22,9;0;0;8,6;68,6;8;0;0;3;24;35;2
2B219;Piedicroce;5.335;71;4;4;6;1;8;15;25;10;9,125;0,290282698;83.3;0;2B219;0,99;0,69;99;69;0;119;71;100;85,37;21 460;41;81;1,975609756;90;50;3,1;0;3,1;3,1;90,6;1;0;1;1;29;32;2
2B220;Piedigriggio;5.336;124;5;9;8;8;7;29;37;21;15,5;0,242266101;90.5;0;2B220;1;0;100;0;0;101;124;81,4516129;56,57;21300;65;143;2,2;90;50;5,2;0;0;1,7;93,1;3;0;0;1;54;58;0
2B221;Piedipartino;5.337;15;1;2;1;1;1;3;3;5;2,125;0,18888453;62.5;0;2B221;0,97;0;97;0;0;33;15;100;63,64;21 460;8;16;2;90;50;0;0;0;22,2;77,8;0;0;0;2;7;9;0
2B222;Pie-d'Orezza;5.338;37;5;3;4;1;2;6;12;5;4,75;0,20214813;77.8;0;2B222;1;0;100;0;0;80;37;100;33,73;21 460;18;38;2,111111111;90;50;5,3;0;0;0;94,7;1;0;0;0;18;19;1
2B223;Pietralba;5.339;434;43;17;19;24;29;63;165;75;54,375;0,296223195;84.2;1;2B223;1;0,72;100;72;0;497;434;100;70,42;22830;251;500;1,992031873;90;50;4,3;0;0,5;6,2;89;9;0;1;13;186;209;4
2B224;Pietracorbara;5.340;584;47;38;36;5;71;86;204;98;73,125;0,282507495;93.6;1;2B224;0,49;0,36;49;36;0;602;584;100;53;21900;334;653;1,95508982;90;50;17,2;1;2;7,1;72,7;51;3;6;21;216;297;0
2B225;Pietra-di-Verde;5.341;95;9;5;1;3;3;27;32;14;11,75;0,42180454;86;0;2B225;0,99;0;99;0;0;177;95;100;87,36;19510;58;100;1,724137931;90;50;11,4;0;2,9;8,6;77,1;4;0;1;3;27;35;1
2B226;Pietraserena;5.342;57;6;3;1;1;4;9;29;5;7,25;0,520125444;77.5;0;2B226;1;0,97;100;97;0;91;57;100;64,58;21 460;39;58;1,487179487;90;50;15,8;0;0;5,3;78,9;3;0;0;1;15;19;0
2B227;Pietricaggio;5.343;31;1;1;1;5;1;7;16;1;4,125;0,58384247;66.7;0;2B227;1;0,99;100;99;0;47;31;100;46,3;21 460;18;33;1,833333333;90;50;11,1;0;0;0;88,9;1;0;0;0;8;9;0
2B229;Pietroso;5.344;306;25;9;12;1;18;113;88;40;38,25;0,466471242;89;0;2B229;0,74;0,41;74;41;0;373;306;100;87,13;21320;165;348;2,109090909;90;50;12;0;0;4,6;83,3;13;0;0;5;90;108;0
2B230;Piève;5.345;110;3;9;7;2;15;17;51;7;13,875;0,442058923;93.4;1;2B230;0,06;0;6;0;0;119;110;100;64,75;21 460;60;114;1,9;90;50;7;2,3;2,3;11,6;76,7;3;1;1;5;33;43;0
2B231;Pigna;5.346;107;5;16;5;3;14;24;31;10;13,5;0,234821281;95.2;0;2B231;1;0;100;0;0;95;107;88,78504673;54,74;21 460;58;116;2;90;50;18,2;0;1,8;10,9;69,1;10;0;1;6;38;55;0
2B233;Pino;5.347;153;9;14;3;1;12;29;63;23;19,25;0,42315111;85.2;0;2B233;1;0;100;0;0;247;153;100;74,9;20060;88;161;1,829545455;90;50;11,7;1,7;0;5;81,7;7;1;0;3;49;60;1
2B234;Piobetta;5.348;17;4;1;1;1;2;2;5;3;2,375;0,16978112;92.9;0;2B234;1;0;100;0;0;38;17;100;87,5;21 460;13;17;1,307692308;90;50;10;0;0;0;90;1;0;0;0;9;10;0
2B235;Pioggiola;5.349;80;5;6;3;2;12;15;29;7;9,875;0,307366607;97.7;0;2B235;1;0,31;100;31;0;126;80;100;94,96;21 460;45;86;1,911111111;90;50;17,1;0;0;20;62,9;6;0;0;7;22;35;0
2B236;Poggio-di-Nazza;5.350;170;24;1;7;4;15;33;64;21;21,125;0,390660173;88.5;0;2B236;0,99;0,44;99;44;0;256;170;100;79,92;21380;97;184;1,896907216;90;50;4,1;0;2,7;21,9;71,2;3;0;2;16;52;73;1
2B238;Poggio-di-Venaco;5.351;193;16;12;18;8;18;29;56;34;23,875;0,16662752;89.4;1;2B238;1;0;100;0;0;164;193;84,97409326;56,1;24630;104;210;2,019230769;90;50;7,5;0;3,7;5,6;83,2;8;0;4;6;89;107;1
2B239;Poggio-d'Oletta;5.352;196;16;12;19;8;27;29;63;22;24,5;0,181019579;90.3;1;2B239;0,91;0;91;0;0;202;196;100;63,16;29320;105;215;2,047619048;90;50;9,5;0;1;4,8;84,8;10;0;1;5;89;105;0
2B241;Poggio-Marinaccio;5.353;31;3;2;1;1;2;5;13;4;3,875;0,355297377;100;0;2B241;1;0;100;0;0;48;31;100;80,39;21 460;105;33;0,314285714;90;50;30,8;0;0;0;69,2;4;0;0;0;9;13;0
2B242;Poggio-Mezzana;5.354;649;77;52;23;3;60;143;202;89;81,125;0,291922634;93.3;0;2B242;1;0,74;100;74;0;537;649;82,74268105;80,25;20470;105;761;7,247619048;90;50;12,1;0;2,9;5,2;79,8;37;0;9;16;245;307;0
2B243;Polveroso;5.355;34;5;1;5;1;2;4;12;5;4,375;0,263862631;71.4;0;2B243;1;0;100;0;0;53;34;100;61,11;21 460;17;38;2,235294118;90;50;22,2;0;5,6;0;72,2;4;0;1;0;13;18;0
2B244;Popolasca;5.356;38;1;1;2;6;1;4;16;7;4,75;0,433034835;95;0;2B244;1;0;100;0;0;78;38;100;67,95;21 460;20;42;2,1;90;50;11,1;0;0;0;88,9;2;0;0;0;16;18;0
2B245;Porri;5.357;41;3;4;4;1;5;2;17;6;5,25;0,311649527;95.8;1;2B245;0,09;0,48;9;48;0;59;41;100;72,13;21 460;23;43;1,869565217;90;50;0;0;4,3;4,3;91,3;0;0;1;1;21;23;0
2B246;La Porta;5.358;180;21;8;2;2;23;20;80;24;22,5;0,454315398;85.4;0;2B246;1;0,94;100;94;0;276;180;100;53,36;18980;102;191;1,87254902;90;50;10,1;0;2,5;17,7;69,6;8;0;2;14;55;79;1
2B248;Prato-di-Giovellina;5.359;48;3;5;2;1;2;3;29;5;6,25;0,629622949;86.7;0;2B248;1;0,99;100;99;0;92;48;100;72,83;21 460;28;48;1,714285714;90;50;0;0;0;11,8;88,2;0;0;0;2;15;17;0
2B250;Prunelli-di-Casacconi;5.360;137;25;8;4;1;21;20;38;23;17,5;0,258133855;86.4;0;2B250;1;0,02;100;2;0;184;137;100;85,11;20140;79;148;1,873417722;90;50;16;0;1,2;9,9;72,8;13;0;1;8;59;81;1
2B251;Prunelli-di-Fiumorbo;5.361;3069;422;183;82;28;260;671;825;600;383,875;0,285596833;91.2;1;2B251;0,83;0,2;83;20;0;2728;3069;88,88888889;66,56;20410;1631;3737;2,291232373;90;50;14,5;1,4;1,4;9,8;72,8;231;23;22;156;1159;1591;4
2B252;Pruno;5.362;161;21;13;2;2;11;37;48;28;20,25;0,31994451;88.4;0;2B252;0,99;0,39;99;39;0;249;161;100;91,9;18950;92;178;1,934782609;90;50;22,5;1,3;0;6,3;70;18;1;0;5;56;80;0
2B255;Quercitello;5.363;37;2;4;3;3;3;3;15;6;4,875;0,248857565;79.2;0;2B255;1;0;100;0;0;117;37;100;96,61;21 460;22;39;1,772727273;90;50;25;0;0;10;65;5;0;0;2;13;20;0
2B256;Rapaggio;5.364;23;4;1;2;1;4;1;8;3;3;0,251721813;100;0;2B256;1;0;100;0;0;49;23;100;87,76;21 460;11;29;2,636363636;90;50;6,7;0;0;20;73,3;1;0;0;3;11;15;0
2B257;Rapale;5.365;152;17;13;9;4;17;24;52;17;19,125;0,218261046;96.2;1;2B257;0,06;0;6;0;0;165;152;100;65;21960;80;161;2,0125;90;50;7,8;0;2,6;7,8;81,8;6;0;2;6;63;77;1
2B260;Riventosa;5.366;133;15;10;8;3;16;25;37;19;16,625;0,181269795;98.7;1;2B260;1;0;100;0;0;175;133;100;57,14;20290;76;151;1,986842105;90;50;11,1;0;5,6;9,7;73,6;8;0;4;7;53;72;0
2B261;Rogliano;5.367;484;40;42;33;8;41;79;189;52;60,5;0,298503904;91;1;2B261;0,69;0,49;69;49;0;545;484;100;69,16;19350;273;540;1,978021978;90;50;13,8;0;1,4;5,1;79,7;30;0;3;11;173;217;9
2B263;Rospigliani;5.368;65;5;2;3;2;9;10;30;3;8;0,455687296;75.7;0;2B263;1;0;100;0;0;111;65;100;73,91;21 460;38;70;1,842105263;90;50;16;0;0;8;76;4;0;0;2;19;25;0
2B264;Rusio;5.369;57;5;3;2;5;8;6;23;7;7,375;0,271401344;86.1;0;2B264;1;0;100;0;0;86;57;100;82,61;21 460;34;61;1,794117647;90;50;10,3;0;3,4;3,4;82,8;3;0;1;1;24;29;0
2B265;Rutali;5.370;403;32;33;35;7;49;76;113;57;50,25;0,184557925;92.9;1;2B265;0,71;0,81;71;81;0;389;403;96,52605459;71,32;22100;194;466;2,402061856;90;50;10,8;0,5;0,5;10,8;77,5;24;1;1;24;172;222;1
2B267;Saliceto;5.371;44;2;2;1;2;5;8;19;5;5,5;0,405095888;86.4;0;2B267;0,33;0,66;33;66;0;75;44;100;63,51;21 460;22;45;2,045454545;90;50;17,6;0;0;5,9;76,5;3;0;0;1;13;17;0
2B273;Scata;5.372;39;2;3;1;3;5;4;15;5;4,75;0,29023111;89.5;0;2B273;0,94;0,22;94;22;0;66;39;100;49,23;21 460;19;42;2,210526316;90;50;21,1;0;0;10,5;68,4;4;0;0;2;13;19;0
2B274;Scolca;5.373;80;4;3;2;1;15;18;32;7;10,25;0,445889042;86.4;1;2B274;1;0;100;0;0;115;80;100;70,94;21 460;41;87;2,12195122;90;50;17,6;2,9;0;5,9;73,5;6;1;0;2;25;34;0
2B275;Sermano;5.374;67;3;2;3;4;6;15;24;9;8,25;0,328313595;97.1;0;2B275;1;0;100;0;0;87;67;100;55,68;21 460;35;74;2,114285714;90;50;11,1;0;0;7,4;81,5;3;0;0;2;22;27;1
2B277;Serra-di-Fiumorbo;5.375;299;23;16;9;5;30;63;97;57;37,5;0,314173379;95.5;0;2B277;1;0,01;100;1;0;382;299;100;82,83;22640;167;333;1,994011976;90;50;13,1;0;2,1;7,6;77,2;19;0;3;11;112;145;0
2B280;Silvareccio;5.376;95;4;10;6;3;11;21;28;13;12;0,219002821;86.2;1;2B280;0,99;0,88;99;88;0;140;95;100;72,73;22310;56;103;1,839285714;90;50;14,6;2,1;0;16,7;66,7;7;1;0;8;32;48;0
2B281;Sisco;5.377;1017;97;77;68;11;126;164;332;143;127,25;0,236620962;90.6;1;2B281;1;0,15;100;15;0;1062;1017;100;82,28;21760;565;1162;2,056637168;90;50;10,7;1;1,3;5;82,1;56;5;7;26;431;525;2
2B283;Solaro;5.378;631;43;33;29;13;57;100;269;87;78,875;0,37475784;96.3;1;2B283;1;0,19;100;19;0;706;631;100;84,43;23330;352;732;2,079545455;90;50;9,5;0;0,8;10,2;79,5;25;0;2;27;210;264;1
2B286;Sorbo-Ocagnano;5.379;767;73;66;59;7;120;141;182;118;95,75;0,172281551;91.8;0;2B286;0,94;0,81;94;81;0;631;767;82,26857888;40,25;21480;425;892;2,098823529;90;50;7,3;0,2;2,9;3,1;86,5;33;1;13;14;390;451;2
2B287;Sorio;5.380;134;6;4;6;2;6;30;59;21;16,75;0,507935653;84.5;0;2B287;0;0;0;0;0;122;134;91,04477612;46,22;21 460;69;140;2,028985507;90;50;10,6;0;0;4,3;85,1;5;0;0;2;40;47;0
2B289;Soveria;5.381;100;15;6;9;1;12;19;21;19;12,75;0,168085035;90;0;2B289;1;0;100;0;0;118;100;100;63,49;21 460;50;116;2,32;90;50;11,5;0;4,9;9,8;73,8;7;0;3;6;45;61;0
2B290;Speloncato;5.382;240;21;25;6;11;22;33;96;28;30,25;0,294640625;91;0;2B290;0,84;0,33;84;33;0;255;240;100;60,15;18910;138;269;1,949275362;90;50;9;0;2,7;2,7;85,6;10;0;3;3;95;111;1
2B291;Stazzona;5.383;33;3;2;8;1;1;6;10;3;4,25;0,270431257;80;0;2B291;1;0,02;100;2;0;52;33;100;85,71;21 460;15;34;2,266666667;90;50;0;0;0;0;100;0;0;0;0;17;17;0
2B292;Sant'Andréa-di-Bozio;5.384;61;1;3;1;1;2;8;45;2;7,875;1,015731735;81.6;0;2B292;1;0;100;0;0;96;61;100;50,5;21 460;41;61;1,487804878;90;50;12,5;0;0;0;87,5;1;0;0;0;7;8;1
2B293;Sant'Andréa-di-Cotone;5.385;174;11;7;3;2;17;29;74;32;21,875;0,45694655;85;0;2B293;1;0,93;100;93;0;346;174;100;79,47;22830;105;202;1,923809524;90;50;6,9;0;5,6;9,7;77,8;5;0;4;7;56;72;1
2B296;Sant'Antonino;5.386;117;8;22;4;5;7;23;31;15;14,375;0,213143567;91.2;1;2B296;0,98;0;98;0;0;141;117;100;58,39;21 460;61;138;2,262295082;90;50;21,5;0;1,5;4,6;72,3;14;0;1;3;47;65;0
2B297;San-Damiano;5.387;45;3;1;3;4;2;7;17;9;5,75;0,317847202;85.2;0;2B297;1;0;100;0;0;64;45;100;66,15;21 460;24;53;2,208333333;90;50;15;0;0;5;80;3;0;0;1;16;20;0
2B298;Saint-Florent;5.388;1486;105;162;83;13;144;219;491;269;185,75;0,264330353;84.3;1;2B298;0,63;0,44;63;44;0;1502;1486;100;79,88;21600;847;1689;1,994096812;90;50;13,6;0,3;1,1;7,1;77,8;107;2;9;56;610;784;9
2B299;San-Gavino-d'Ampugnani;5.389;90;14;3;1;5;4;10;37;16;11,25;0,411034535;100;1;2B299;0,29;0,84;29;84;0;157;90;100;58,39;21 460;46;105;2,282608696;90;50;18,6;0;2,3;2,3;76,7;8;0;1;1;33;43;0
2B301;San-Gavino-di-Tenda;5.390;47;4;3;2;7;5;4;14;7;5,75;0,164044066;72;1;2B301;0,01;0,55;1;55;0;83;47;100;87,21;21 460;25;58;2,32;90;50;21,4;0;0;10,7;67,9;6;0;0;3;19;28;0
2B302;San-Giovanni-di-Moriani;5.391;87;8;10;6;4;9;15;28;6;10,75;0,187945116;92.5;0;2B302;0,95;0,55;95;55;0;105;87;100;64,86;21 460;48;93;1,9375;90;50;11,6;0;2,3;16,3;69,8;5;0;1;7;30;43;1
2B303;San-Giuliano;5.392;660;93;38;16;29;65;141;184;94;82,5;0,21977933;88.9;1;2B303;0,89;0,19;89;19;0;482;660;73,03030303;44,88;21160;338;764;2,26035503;90;50;12,7;0,6;0,9;15,3;70,5;43;2;3;52;239;339;2
2B304;San-Lorenzo;5.393;120;11;7;3;5;19;20;40;14;14,875;0,255798824;93.2;0;2B304;0,88;0,16;88;16;0;137;120;100;81,29;21 460;59;140;2,372881356;90;50;3,4;1,7;1,7;6,8;86,4;2;1;1;4;51;59;2
2B305;San-Martino-di-Lota;5.394;2564;167;154;205;8;324;610;732;363;320,375;0,27467429;90.4;1;2B305;0,97;0,96;97;96;0;2102;2564;81,98127925;62,66;25230;1359;2936;2,160412068;90;50;9,4;0,6;1,4;5,2;83,4;116;8;17;64;1033;1238;5
2B306;Santa-Lucia-di-Mercurio;5.395;104;12;4;7;4;11;20;29;18;13,125;0,192151381;93.2;0;2B306;0,94;0,47;94;47;0;133;104;100;66,67;21 460;57;116;2,035087719;90;50;19,6;0;1,8;8,9;69,6;11;0;1;5;39;56;0
2B307;Santa-Lucia-di-Moriani;5.396;1268;150;97;25;16;108;228;409;235;158,5;0,30202825;89.7;1;2B307;0,49;0,79;49;79;0;1095;1268;86,35646688;68,29;20060;704;1523;2,163352273;90;50;15,7;0;1,9;6;76,4;99;0;12;38;483;632;1
2B309;Santa-Maria-di-Lota;5.397;1696;108;103;155;4;271;297;512;248;212,25;0,261133003;92.1;1;2B309;0,97;0,96;97;96;0;1699;1696;100;54,95;24920;863;1965;2,276940904;90;50;8,2;0,2;1,2;5,5;84,9;73;2;11;49;758;893;2
2B311;Santa-Maria-Poggio;5.398;670;71;53;28;10;58;120;192;137;83,625;0,241646304;90.5;1;2B311;0,99;0,56;99;56;0;642;670;95,82089552;47,09;21360;352;792;2,25;90;50;17,9;1,1;1,7;11,6;67,8;65;4;6;42;246;363;0
2B313;San-Nicolao;5.399;1713;213;73;41;8;157;413;560;247;214;0,364180949;80.6;1;2B313;0,86;0,75;86;75;0;1460;1713;85,23058961;72,83;19060;963;2033;2,111111111;90;50;20,3;1,7;1,5;8,7;67,7;151;13;11;65;503;743;8
2B314;Santo-Pietro-di-Tenda;5.400;299;12;21;11;18;22;73;108;34;37,375;0,321908651;84.8;0;2B314;0,72;0,09;72;9;0;362;299;100;43,36;19530;158;338;2,139240506;90;50;3,4;0,8;2,5;0,8;92,4;4;1;3;1;109;118;2
2B315;Santo-Pietro-di-Venaco;5.401;246;19;17;22;3;45;49;49;43;30,875;0,172634357;89.1;1;2B315;1;0,12;100;12;0;298;246;100;71,62;20830;130;290;2,230769231;90;50;6;0,7;0,7;10;82,7;9;1;1;15;124;150;0
2B316;Santa-Reparata-di-Balagna;5.402;853;86;81;29;15;80;142;282;138;106,625;0,257487336;87.9;1;2B316;0,95;0,82;95;82;0;736;853;86,28370457;52,25;21500;474;1004;2,11814346;90;50;11,8;0,2;2,3;5,3;80,3;51;1;10;23;346;431;0
2B317;Santa-Reparata-di-Moriani;5.403;48;2;4;1;3;7;6;24;3;6,25;0,450785843;73.7;0;2B317;1;0,99;100;99;0;94;48;100;65,31;21 460;36;57;1,583333333;90;50;15,8;0;0;10,5;73,7;3;0;0;2;14;19;0
2B318;Taglio-Isolaccio;5.404;510;46;42;21;6;62;89;156;88;63,75;0,246872584;94.6;0;2B318;0,75;0,74;75;74;0;515;510;100;50,1;21550;263;595;2,262357414;90;50;11,3;0,4;1,1;7,1;80,1;30;1;3;19;213;266;0
2B319;Talasani;5.405;691;65;58;27;5;81;147;189;119;86,375;0,248719237;92.4;1;2B319;1;0,81;100;81;0;580;691;83,93632417;43,03;21610;366;827;2,259562842;90;50;9,3;0;2,5;6,2;82;33;0;9;22;292;356;0
2B320;Tallone;5.406;254;39;10;3;26;24;46;82;24;31,75;0,258352032;91.8;0;2B320;0,81;0,08;81;8;0;263;254;100;77,36;22280;139;282;2,028776978;90;50;7,9;0;1,6;9,5;81;10;0;2;12;102;126;2
2B321;Tarrano;5.407;15;1;1;1;1;1;4;8;2;2,375;0,375371201;100;0;2B321;1;0;100;0;0;41;15;100;65,12;21 460;9;15;1,666666667;90;50;25;0;0;0;75;1;0;0;0;3;4;0
2B327;Tomino;5.408;168;8;16;8;2;7;32;81;15;21,125;0,50051817;86.6;0;2B327;0,67;0;67;0;0;207;168;100;75,59;21930;103;181;1,757281553;90;50;15,8;0;0;1,8;82,5;9;0;0;1;47;57;0
2B328;Tox;5.409;91;5;2;6;7;3;27;31;10;11,375;0,377024874;71.7;1;2B328;0,98;0,89;98;89;0;151;91;100;51,9;21 460;54;98;1,814814815;90;50;0;0;0;12,1;87,9;0;0;0;4;29;33;1
2B329;Tralonca;5.410;97;9;6;9;5;12;21;21;14;12,125;0,112806992;85.2;0;2B329;1;0,24;100;24;0;94;97;96,90721649;58,76;21 460;54;111;2,055555556;90;50;22;0;1,7;10,2;66,1;13;0;1;6;39;59;0
2B332;Urtaca;5.411;223;24;16;25;4;28;24;70;32;27,875;0,190319181;90.9;1;2B332;1;0,8;100;80;0;224;223;100;77,92;25510;129;249;1,930232558;90;50;10,1;0;0;10,1;79,8;13;0;0;13;103;129;2
2B333;Vallecalle;5.412;131;8;4;9;4;26;16;40;26;16,625;0,263066294;96;1;2B333;1;0;100;0;0;137;131;100;87,94;22960;71;155;2,183098592;90;50;5,3;0;2,6;7,9;84,2;4;0;2;6;64;76;0
2B334;Valle-d'Alesani;5.413;105;6;5;5;5;5;23;50;5;13;0,499512391;75;0;2B334;1;0;100;0;0;147;105;100;55,7;21 460;58;112;1,931034483;90;50;9,4;0;0;9,4;81,3;3;0;0;3;26;32;1
2B335;Valle-di-Campoloro;5.414;297;32;26;17;3;28;45;89;57;37,125;0,229543141;95.5;1;2B335;0,52;0,42;52;42;0;299;297;100;55,1;24310;163;347;2,128834356;90;50;5;0;1,2;5;88,8;8;0;2;8;143;161;0
2B337;Valle-di-Rostino;5.415;143;10;8;6;1;19;26;56;17;17,875;0,365905388;93.1;1;2B337;1;0;100;0;0;192;143;100;95,41;21300;80;155;1,9375;90;50;4,8;0;1,6;8,1;85,5;3;0;1;5;53;62;0
2B338;Valle-d'Orezza;5.416;27;3;1;3;3;1;5;12;1;3,625;0,358820883;86.7;0;2B338;1;0;100;0;0;78;27;100;51,9;21 460;14;27;1,928571429;90;50;18,2;0;0;9,1;72,7;2;0;0;1;8;11;0
2B339;Vallica;5.417;28;1;1;1;2;2;5;15;1;3,5;0,584398864;88.9;0;2B339;1;0;100;0;0;35;28;100;54,05;21 460;18;28;1,555555556;90;50;33,3;0;0;0;66,7;3;0;0;0;6;9;0
2B340;Velone-Orneto;5.418;95;10;5;3;4;12;18;33;11;12;0,260106098;86.4;1;2B340;0,87;0,59;87;59;0;114;95;100;60;21 460;62;111;1,790322581;90;50;8,9;2,2;0;0;88,9;4;1;0;0;40;45;1
2B341;Venaco;5.419;598;46;29;48;5;76;117;194;84;74,875;0,271988123;82.3;1;2B341;1;0;100;0;0;679;598;100;87,91;23850;352;666;1,892045455;90;50;8,7;0,7;2,8;8;79,7;25;2;8;23;228;286;4
2B342;Ventiseri;5.420;2109;172;100;118;22;306;406;428;556;263,5;0,248754085;94.2;1;2B342;0,78;0,16;78;16;0;1781;2109;84,4476055;45,45;22800;1052;2556;2,429657795;90;50;6,9;0,5;1,2;18,6;72,9;89;6;15;238;934;1282;7
2B343;Venzolasca;5.421;1494;215;103;54;30;152;340;357;244;186,875;0,210789081;90.5;1;2B343;0,48;0,8;48;80;0;1191;1494;79,7188755;39,11;20280;775;1808;2,332903226;90;50;8;0,3;1,8;7,1;82,9;64;2;14;57;663;800;6
2B344;Verdèse;5.422;41;2;1;1;1;5;3;26;4;5,375;0,713241617;80.8;0;2B344;1;0;100;0;0;74;41;100;65,33;21 460;27;43;1,592592593;90;50;33,3;0;8,3;0;58,3;4;0;1;0;7;12;0
2B346;Vescovato;5.423;2627;405;122;116;32;309;613;546;483;328,25;0,227634618;91.9;1;2B346;1;0,81;100;81;0;2194;2627;83,51732014;56,12;20200;1424;3212;2,255617978;90;50;8,1;0,8;3,5;5,5;82,2;119;12;51;81;1214;1477;12
2B347;Vezzani;5.424;251;20;10;3;5;24;39;110;40;31,375;0,450577198;81.5;0;2B347;1;0,86;100;86;0;341;251;100;45,61;19440;142;268;1,887323944;90;50;11,7;0;0;10,7;77,7;12;0;0;11;80;103;5
2B350;Vignale;5.425;199;26;10;6;1;15;46;60;36;25;0,330586828;90.7;1;2B350;1;0,71;100;71;0;267;199;100;90,65;21630;104;216;2,076923077;90;50;9,7;0;2,2;8,6;79,6;9;0;2;8;74;93;0
2B352;Ville-di-Paraso;5.426;184;10;10;7;7;23;16;81;30;23;0,384932596;95.2;0;2B352;0,98;0,05;98;5;0;209;184;100;61,43;22260;109;208;1,908256881;90;50;11,4;1,1;1,1;2,3;84,1;10;1;1;2;74;88;1
2B353;Ville-di-Pietrabugno;5.427;2827;125;167;403;8;430;434;907;354;353,5;0,281377628;90.9;1;2B353;0,97;0,88;97;88;0;2118;2827;74,92041033;49,25;28720;1658;3232;1,94933655;90;50;7,9;0,3;1,4;4,4;86;119;5;21;66;1293;1504;6
2B354;Vivario;5.428;392;17;17;20;3;38;109;134;54;49;0,396038378;85.4;0;2B354;1;0,4;100;40;0;279;392;71,17346939;59,22;22980;171;428;2,502923977;90;50;5,4;0,7;0,7;8,7;84,6;8;1;1;13;126;149;1
2B355;Volpajola;5.429;302;39;23;10;7;31;62;85;46;37,875;0,219574378;90.8;1;2B355;1;0,27;100;27;0;363;302;100;45,88;21000;147;347;2,360544218;90;50;8,2;0;4,4;5,1;82,3;13;0;7;8;130;158;1
2B356;Zalana;5.430;147;13;5;6;1;6;14;70;31;18,25;0,545750795;87.5;0;2B356;1;0,29;100;29;0;195;147;100;60,7;20020;73;148;2,02739726;90;50;6,5;0;3,2;9,7;80,6;4;0;2;6;50;62;1
2B361;Zilia;5.431;244;26;24;6;3;20;50;69;47;30,625;0,2665763;89.5;1;2B361;1;0;100;0;0;246;244;100;77,47;19450;136;306;2,25;90;50;18,1;0,8;2,4;6,3;72,4;23;1;3;8;92;127;0
2B364;Zuani;5.432;36;1;2;1;2;2;5;19;6;4,75;0,518196699;90.5;0;2B364;1;0;100;0;0;63;36;100;66,67;21 460;21;36;1,714285714;90;50;7,7;0;0;0;92,3;1;0;0;0;12;13;0
2B365;San-Gavino-di-Fiumorbo;5.433;98;8;2;2;7;9;30;33;8;12,375;0,381904688;81.7;0;2B365;1;0;100;0;0;261;98;100;53,08;18520;57;100;1,754385965;90;50;11,4;0;0;8,6;80;4;0;0;3;28;35;1
2B366;Chisa;5.434;104;3;9;11;1;15;11;51;4;13,125;0,497039209;90.2;1;2B366;1;0,79;100;79;0;174;104;100;72,93;21 460;55;108;1,963636364;90;50;9,3;0;0;2,3;88,4;4;0;0;1;38;43;0